,round,team_rank,opponent_team_rank,team_pot,opp_concede_pot,prev_points,form_points,long_form,ict_form,total_points,Predicted,Prediction_Error
20452,3,15,9,1.0,1.2352941176470589,1.0,1.3333333333333333,1.4,3.466666666666668,2,1.2,0.8
2598,3,14,12,1.4375,2.2666666666666666,1.0,1.3333333333333333,2.2,5.000000000000001,1,2.0,1.0
3535,1,2,13,0.5,1.0,6.0,3.6666666666666665,0.0,3.7,1,3.7,2.7
6088,1,14,4,1.6666666666666667,0.5,1.0,1.3333333333333333,1.6,0.8999999999999991,1,1.4,0.3999999999999999
13125,2,18,12,1.3333333333333333,0.7777777777777778,1.0,2.6666666666666665,3.8,4.266666666666668,5,3.1,1.9
20598,1,18,10,1.1666666666666667,1.5,2.0,1.6666666666666667,1.6,2.2666666666666666,1,1.8,0.8
4425,1,9,7,1.5,2.75,2.0,1.6666666666666667,2.4,3.7000000000000015,1,3.0,2.0
1340,1,13,3,1.0,0.0,13.0,0.0,0.0,0.0,2,-5.4,7.4
3459,1,12,17,0.6666666666666666,1.6666666666666667,2.0,3.6666666666666665,0.0,9.833333333333332,4,5.0,1.0
2388,1,7,16,1.0,1.0,0.0,0.0,0.0,0.0,9,1.0,8.0
10040,2,6,16,1.6,1.3,1.0,0.6666666666666666,0.8,1.9999999999999991,1,1.7,0.7
6901,1,16,6,1.0,1.0,2.0,1.6666666666666667,0.0,2.7000000000000006,1,1.4,0.3999999999999999
4782,1,7,20,1.5,3.5,2.0,0.0,0.0,0.0,7,1.9,5.1
6992,1,17,10,0.5,0.3333333333333333,2.0,1.6666666666666667,4.0,3.4999999999999987,2,1.1,0.8999999999999999
2511,2,12,4,0.3333333333333333,1.2,17.0,8.333333333333334,5.8,8.266666666666666,1,4.7,3.7
2751,1,11,1,0.8571428571428571,0.5714285714285714,1.0,1.0,1.2,1.5999999999999994,1,0.7,0.30000000000000004
2604,3,15,10,0.6842105263157895,1.368421052631579,4.0,4.666666666666667,3.6,7.466666666666666,1,4.6,3.5999999999999996
1357,2,7,14,0.6923076923076923,1.1538461538461535,1.0,2.0,2.2,3.6,3,3.0,0.0
5411,2,6,15,1.75,2.5,1.0,1.0,1.0,0.9333333333333336,1,2.8,1.7999999999999998
2740,2,14,17,0.6666666666666666,1.6666666666666667,2.0,1.3333333333333333,1.4,0.30000000000000043,1,1.7,0.7
4168,1,2,9,1.1428571428571428,1.0,6.0,3.333333333333333,4.0,7.166666666666668,2,3.3,1.2999999999999998
4779,2,12,3,0.625,0.7777777777777778,1.0,3.0,3.4,6.466666666666666,1,3.2,2.2
19844,2,11,5,1.1666666666666667,1.5,1.0,1.0,1.0,0.0999999999999998,1,1.3,0.30000000000000004
790,1,17,11,0.6666666666666666,0.8333333333333334,1.0,1.0,1.4,2.0000000000000004,1,0.9,0.09999999999999998
6102,1,9,15,2.0,2.0,7.0,0.0,0.0,0.0,1,-1.0,2.0
16618,1,10,19,1.3333333333333333,3.0,10.0,6.333333333333332,4.6,5.966666666666668,8,7.0,1.0
16609,3,12,15,1.2777777777777777,1.8333333333333333,2.0,1.6666666666666667,1.8,3.8,2,2.1,0.10000000000000009
4776,2,11,14,0.7142857142857143,1.125,1.0,7.0,4.6,9.1,7,9.5,2.5
6370,1,15,1,1.2,0.6,2.0,3.333333333333333,2.8,3.5666666666666664,6,3.4,2.6
16629,2,8,6,0.5555555555555556,1.1111111111111112,17.0,6.666666666666668,4.8,8.933333333333335,1,2.8,1.7999999999999998
6095,1,18,9,1.0,1.8571428571428568,1.0,0.6666666666666666,1.0,2.299999999999999,0,0.9,0.9
8091,2,3,6,1.9166666666666667,0.9090909090909092,1.0,1.3333333333333333,2.2,1.5999999999999992,2,2.3,0.2999999999999998
18557,3,18,11,1.4117647058823528,2.25,2.0,3.0,2.4,4.8,6,3.6,2.4
4426,1,9,11,0.75,1.4,1.0,3.6666666666666665,3.0,4.266666666666668,8,5.4,2.5999999999999996
775,2,14,9,1.2727272727272727,1.7272727272727273,5.0,3.333333333333333,2.8,5.466666666666666,4,3.0,1.0
2390,1,12,6,0.5,1.5,8.0,6.0,0.0,8.233333333333334,1,5.3,4.3
732,1,19,17,0.75,1.75,1.0,1.0,1.0,0.3666666666666663,1,1.6,0.6000000000000001
7502,1,19,7,0.5,2.0,1.0,2.0,1.6,3.433333333333333,1,2.5,1.5
6327,1,15,1,1.2,0.6,2.0,1.6666666666666667,2.4,2.6,1,1.2,0.19999999999999996
14036,2,19,14,0.7777777777777778,1.5555555555555556,1.0,1.3333333333333333,1.6,2.466666666666668,1,1.5,0.5
22615,3,17,18,0.6923076923076923,2.0,1.0,1.0,1.0,2.4666666666666663,1,1.3,0.30000000000000004
7017,1,9,7,0.6,2.0,1.0,1.6666666666666667,3.0,3.1666666666666634,2,2.8,0.7999999999999998
21220,2,18,16,1.4285714285714286,2.5714285714285716,2.0,5.666666666666668,5.6,10.866666666666667,2,7.9,5.9
3579,1,4,9,0.6,2.2,2.0,6.0,6.2,10.266666666666667,7,8.8,1.8000000000000007
5068,1,16,3,1.0,0.6666666666666666,2.0,3.0,2.6,4.466666666666667,2,2.9,0.8999999999999999
22544,2,3,17,1.9166666666666667,2.1666666666666665,11.0,8.333333333333334,0.0,10.566666666666666,13,8.9,4.1
4161,1,2,11,3.0,1.25,12.0,8.333333333333334,6.2,13.800000000000002,7,8.6,1.5999999999999996
5103,3,19,14,1.1428571428571428,1.2142857142857142,1.0,1.0,1.2,0.6999999999999992,1,0.8,0.19999999999999996
5389,3,18,16,1.6428571428571428,2.2142857142857144,2.0,5.0,4.4,7.033333333333334,12,6.7,5.3
6893,3,15,6,0.8823529411764706,1.0625,2.0,1.6666666666666667,1.6,3.533333333333332,2,1.0,1.0
2717,3,19,2,0.6153846153846154,1.0,1.0,1.3333333333333333,1.4,1.2000000000000004,2,0.4,1.6
7277,1,7,15,0.5,2.2,2.0,3.6666666666666665,4.4,7.066666666666666,7,5.7,1.2999999999999998
2475,2,13,2,0.4,1.181818181818182,1.0,2.0,2.2,2.833333333333334,1,2.0,1.0
7627,3,6,10,2.769230769230769,2.1538461538461537,0.0,0.0,0.0,0.0,6,1.4,4.6
6098,3,11,4,1.5384615384615383,1.0,2.0,3.333333333333333,2.4,7.099999999999998,6,3.5,2.5
1381,2,10,17,1.3333333333333333,1.5454545454545454,7.0,4.666666666666667,3.4,8.133333333333331,6,4.6,1.4000000000000004
6830,1,12,10,1.25,0.75,1.0,3.0,4.6,3.233333333333333,2,4.1,2.0999999999999996
12419,2,9,15,1.2857142857142858,1.0,1.0,1.0,1.0,3.3333333333333326,1,1.6,0.6000000000000001
1352,2,7,2,0.7,1.5,1.0,0.6666666666666666,0.8,0.9000000000000011,0,0.8,0.8
4174,2,2,8,2.5,1.4,8.0,5.0,3.8,8.733333333333334,2,5.1,3.0999999999999996
22450,2,14,11,1.5,1.8,0.0,0.0,0.0,0.0,1,0.6,0.4
17732,2,16,14,0.8181818181818182,0.7272727272727273,2.0,3.0,4.4,4.166666666666667,2,3.3,1.2999999999999998
5288,1,4,20,0.5,2.0,1.0,0.0,0.0,0.0,2,1.4,0.6000000000000001
714,2,14,11,1.125,1.2857142857142858,2.0,1.6666666666666667,4.8,2.8666666666666667,1,1.9,0.8999999999999999
13089,2,18,6,1.2222222222222223,0.8888888888888888,2.0,3.0,2.6,3.1,6,2.9,3.1
1917,3,13,19,1.9411764705882355,1.4705882352941178,2.0,4.333333333333333,4.8,5.8,6,6.0,0.0
9972,2,6,19,1.4166666666666667,1.6666666666666667,8.0,3.0,3.2,4.166666666666667,0,2.5,2.5
7924,1,8,20,1.6666666666666667,2.6666666666666665,7.0,3.6666666666666665,0.0,5.933333333333334,2,4.4,2.4000000000000004
18797,2,20,5,0.8571428571428571,0.7142857142857143,2.0,1.3333333333333333,2.4,1.633333333333333,1,0.3,0.7
22624,3,19,1,0.6111111111111112,1.0588235294117647,1.0,1.0,1.0,1.7000000000000002,1,-0.1,1.1
6912,2,14,4,1.875,1.375,7.0,3.0,2.4,3.333333333333334,0,1.6,1.6
789,1,19,4,0.6,0.8,1.0,1.3333333333333333,2.6,3.4666666666666672,1,0.9,0.09999999999999998
6339,2,19,16,1.0,1.25,5.0,2.6666666666666665,3.0,3.6333333333333333,2,1.9,0.10000000000000009
740,2,18,17,1.2,2.1818181818181817,1.0,1.0,1.0,2.8666666666666667,1,1.7,0.7
5293,1,6,1,1.5,0.5,8.0,6.0,9.4,8.233333333333336,8,5.6,2.4000000000000004
10070,1,6,16,1.4285714285714286,1.8571428571428568,12.0,7.666666666666668,5.2,19.166666666666668,9,7.3,1.7000000000000002
17376,1,2,13,1.3333333333333333,1.3333333333333333,1.0,1.3333333333333333,0.0,2.9,1,2.8,1.7999999999999998
13099,3,20,13,1.2666666666666666,1.3333333333333333,2.0,1.6666666666666667,1.6,5.366666666666667,1,1.2,0.19999999999999996
20936,1,11,16,1.6666666666666667,2.0,0.0,0.0,0.0,0.0,13,1.5,11.5
22756,3,16,7,0.9444444444444444,2.0,2.0,1.6666666666666667,1.8,2.233333333333333,1,1.5,0.5
7002,2,17,18,1.0909090909090908,1.6,1.0,2.0,1.8,3.766666666666666,4,2.9,1.1
5046,1,16,3,1.0,0.6666666666666666,1.0,2.6666666666666665,0.0,2.9333333333333336,0,2.8,2.8
774,2,18,17,1.2,2.1818181818181817,1.0,2.6666666666666665,2.4,5.0,5,4.0,1.0
6095,2,10,17,1.3333333333333333,1.5454545454545454,-2.0,1.3333333333333333,1.6,3.0999999999999983,4,3.5,0.5
6053,1,18,16,1.4,2.0,1.0,1.3333333333333333,1.6,2.566666666666667,1,2.4,1.4
20467,2,17,15,1.0,2.375,1.0,1.0,1.0,0.13333333333333333,1,1.8,0.8
6957,2,16,10,0.6666666666666666,1.0769230769230769,1.0,1.3333333333333333,1.2,2.5000000000000004,1,1.2,0.19999999999999996
20959,3,15,12,0.7857142857142857,2.2,1.0,1.0,2.8,1.5666666666666669,1,1.4,0.3999999999999999
14947,3,2,18,1.8333333333333333,1.2105263157894737,7.0,8.666666666666666,7.0,12.16666666666667,17,10.4,6.6
20214,1,14,9,1.0,0.5,0.0,0.0,0.0,0.0,1,-0.0,1.0
6337,2,19,9,0.9,1.7,6.0,2.6666666666666665,2.4,6.699999999999998,1,1.3,0.30000000000000004
15854,2,13,4,1.3,0.8,1.0,1.3333333333333333,0.0,0.5666666666666668,1,1.2,0.19999999999999996
2581,2,15,9,0.16666666666666666,1.7142857142857142,1.0,1.0,2.0,4.333333333333334,1,1.0,0.0
21858,2,7,10,1.4,1.7,1.0,1.0,0.0,0.3666666666666669,1,1.9,0.8999999999999999
4474,2,17,1,1.3333333333333333,0.8888888888888888,1.0,2.333333333333333,1.8,3.033333333333333,1,2.2,1.2000000000000002
10844,1,15,3,1.0,0.6666666666666666,1.0,1.0,2.2,0.4999999999999994,1,0.7,0.30000000000000004
8893,3,4,1,2.0625,1.0666666666666669,7.0,7.0,6.6,13.300000000000002,8,7.1,0.9000000000000004
6099,2,20,13,1.3333333333333333,2.1111111111111107,2.0,3.0,2.2,6.033333333333332,1,3.7,2.7
6845,2,3,18,1.875,1.5714285714285714,8.0,3.6666666666666665,4.4,10.433333333333335,2,3.6,1.6
7940,2,17,12,1.5454545454545454,2.0,1.0,1.6666666666666667,1.2,3.3000000000000016,2,2.4,0.3999999999999999
21221,2,20,18,1.125,2.25,2.0,2.0,5.8,7.766666666666668,2,2.7,0.7000000000000002
4476,2,17,3,1.7,1.2,1.0,1.0,1.8,0.09999999999999988,1,0.8,0.19999999999999996
5309,2,7,14,2.0,1.9166666666666667,2.0,8.333333333333334,8.2,11.133333333333335,21,12.1,8.9
6829,1,12,6,1.0,1.0,6.0,4.333333333333333,4.6,6.466666666666666,1,3.9,2.9
5310,2,7,16,1.1538461538461535,1.1538461538461535,21.0,8.333333333333334,6.4,10.900000000000004,2,4.3,2.3
1910,3,14,6,1.2857142857142858,0.7857142857142857,1.0,1.3333333333333333,1.4,1.7666666666666675,2,1.0,1.0
21093,2,8,11,1.3076923076923077,2.25,1.0,1.0,1.0,2.5000000000000004,1,2.2,1.2000000000000002
10802,1,16,2,1.6666666666666667,0.3333333333333333,0.0,0.0,0.0,0.0,1,-0.4,1.4
3769,2,1,15,2.5,1.3,16.0,6.333333333333332,5.4,10.499999999999996,2,4.3,2.3
876,1,2,20,2.4,0.6,1.0,5.666666666666668,0.0,4.866666666666666,12,9.0,3.0
22626,3,19,4,0.5789473684210527,0.8421052631578947,1.0,1.0,0.8,2.6666666666666674,1,-0.1,1.1
5320,3,7,1,2.2222222222222223,1.2777777777777777,2.0,3.333333333333333,5.0,8.700000000000001,2,4.0,2.0
3787,3,8,17,1.4615384615384617,1.4615384615384617,1.0,2.333333333333333,1.8,3.066666666666667,5,3.7,1.2999999999999998
8870,1,1,17,3.0,2.0,2.0,9.333333333333334,0.0,13.066666666666668,13,14.2,1.1999999999999993
3114,2,8,9,1.4615384615384617,1.3076923076923077,2.0,1.3333333333333333,1.4,4.6,1,1.6,0.6000000000000001
15750,3,12,9,1.3846153846153846,1.7692307692307692,2.0,6.0,7.2,8.899999999999997,9,7.8,1.2000000000000002
2372,2,9,3,1.7,0.7,6.0,2.6666666666666665,5.0,5.533333333333331,1,1.5,0.5
2409,3,9,15,1.6428571428571428,1.6428571428571428,2.0,1.6666666666666667,1.4,1.366666666666669,2,2.4,0.3999999999999999
15851,2,11,4,1.5,1.25,1.0,0.0,0.0,0.0,2,-0.2,2.2
11579,2,12,17,1.3333333333333333,2.25,4.0,4.333333333333333,4.2,5.533333333333332,7,5.7,1.2999999999999998
2600,3,14,7,0.5882352941176471,2.117647058823529,1.0,1.3333333333333333,1.4,1.1000000000000003,2,1.5,0.5
887,2,4,20,2.4545454545454546,2.272727272727273,15.0,9.333333333333334,7.2,11.566666666666665,5,9.3,4.300000000000001
7939,2,17,19,1.3,2.2,2.0,0.6666666666666666,1.2,3.8333333333333353,1,1.1,0.10000000000000009
5445,2,20,4,0.5,0.3,8.0,3.6666666666666665,2.8,3.1000000000000014,2,0.8,1.2
736,2,14,11,1.125,1.2857142857142858,1.0,1.3333333333333333,2.0,0.9999999999999996,1,1.7,0.7
6319,1,8,15,1.0,1.0,0.0,0.0,0.0,0.0,1,0.9,0.09999999999999998
5057,2,14,19,1.3,1.3,2.0,3.0,3.0,4.333333333333335,5,4.0,1.0
6839,1,4,19,2.0,1.2,1.0,2.333333333333333,5.0,5.033333333333334,5,4.6,0.40000000000000036
5326,1,4,20,0.5,2.0,1.0,0.0,0.0,0.0,1,1.4,0.3999999999999999
5084,2,18,13,1.181818181818182,1.5454545454545454,1.0,0.6666666666666666,1.0,2.933333333333333,1,0.7,0.30000000000000004
7349,1,2,9,1.1428571428571428,1.0,1.0,0.0,0.0,0.0,1,0.7,0.30000000000000004
15012,3,2,10,2.333333333333333,1.6,1.0,1.0,1.0,0.9333333333333343,1,2.3,1.2999999999999998
7976,2,2,18,2.0,0.8,6.0,5.333333333333333,4.2,7.633333333333333,6,6.4,0.40000000000000036
10030,1,7,4,1.0,1.0,2.0,2.0,3.6,3.5666666666666664,2,2.4,0.3999999999999999
6834,1,14,11,1.5,2.0,4.0,2.0,2.0,2.233333333333333,1,2.2,1.2000000000000002
2596,3,13,20,0.6,0.6666666666666666,8.0,3.0,3.8,4.1000000000000005,2,1.1,0.8999999999999999
2741,2,17,3,0.8461538461538461,1.6923076923076923,1.0,1.6666666666666667,1.6,1.066666666666667,2,1.7,0.30000000000000004
12458,2,12,9,1.125,1.75,2.0,2.333333333333333,2.0,2.833333333333334,1,3.0,2.0
11605,1,10,7,1.7142857142857142,2.0,2.0,6.0,4.4,11.833333333333336,9,8.4,0.5999999999999996
2366,1,16,10,0.7142857142857143,1.125,1.0,3.6666666666666665,3.0,5.233333333333332,5,4.7,0.2999999999999998
9962,1,6,16,1.4285714285714286,1.8571428571428568,0.0,3.6666666666666665,2.6,5.666666666666668,1,6.6,5.6
2745,1,2,17,1.0,1.0,12.0,0.0,0.0,0.0,1,-3.1,4.1
15009,2,3,5,1.5384615384615383,0.75,1.0,1.0,1.0,0.033333333333334436,1,1.5,0.5
1363,1,4,13,2.0,1.3333333333333333,2.0,2.6666666666666665,0.0,2.9333333333333336,2,4.3,2.3
3435,1,7,9,1.75,1.0,2.0,1.6666666666666667,3.8,5.133333333333331,1,2.4,1.4
5820,1,9,10,1.0,1.5,1.0,1.3333333333333333,0.0,13.066666666666668,2,1.9,0.10000000000000009
6904,1,12,10,1.25,0.75,1.0,1.3333333333333333,1.4,2.400000000000001,1,1.8,0.8
6089,1,8,14,1.0,2.2,2.0,3.0,3.0,5.966666666666665,1,4.8,3.8
6911,2,16,18,0.8571428571428571,0.7142857142857143,2.0,3.6666666666666665,2.8,3.8666666666666667,7,4.3,2.7
6840,1,4,2,1.5,2.0,5.0,4.666666666666667,6.4,8.066666666666668,8,5.7,2.3
2492,1,18,6,0.0,0.0,0.0,0.0,0.0,0.0,2,-1.0,3.0
6340,2,19,9,0.5833333333333334,1.3333333333333333,2.0,3.0,3.2,5.433333333333333,2,3.0,1.0
15738,2,11,7,1.4285714285714286,2.2857142857142856,2.0,3.6666666666666665,3.0,6.93333333333333,4,5.0,1.0
6074,3,18,14,1.6666666666666667,1.8666666666666667,2.0,3.0,2.2,3.1666666666666665,2,3.7,1.7000000000000002
3593,2,1,4,2.0,1.4166666666666667,0.0,4.666666666666667,4.4,6.5,8,7.4,0.5999999999999996
6831,1,14,6,2.0,0.0,0.0,0.0,0.0,0.0,10,-0.2,10.2
1374,2,8,6,1.25,1.0,2.0,3.0,3.8,5.166666666666665,1,3.6,2.6
721,2,13,6,1.3333333333333333,1.5,6.0,6.666666666666668,5.8,10.0,12,7.0,5.0
3538,1,8,3,1.0,2.333333333333333,1.0,1.0,2.6,1.1333333333333335,1,2.1,1.1
20356,1,18,16,0.75,1.0,1.0,1.0,0.0,3.266666666666667,1,1.1,0.10000000000000009
5443,2,20,9,0.5555555555555556,1.4444444444444444,2.0,1.3333333333333333,1.6,3.4333333333333336,1,0.7,0.30000000000000004
18545,2,17,4,1.0909090909090908,0.8,2.0,5.333333333333333,4.4,7.666666666666668,13,5.9,7.1
17385,2,8,6,1.2857142857142858,1.2857142857142858,1.0,1.0,1.0,1.8999999999999997,1,1.4,0.3999999999999999
6378,2,19,14,0.5,1.9,1.0,1.0,1.4,2.7333333333333343,1,1.2,0.19999999999999996
15783,2,14,12,1.3636363636363635,1.2727272727272727,1.0,1.3333333333333333,1.6,1.1333333333333322,1,1.8,0.8
6994,1,15,18,1.6666666666666667,0.25,5.0,3.0,2.4,5.333333333333333,2,2.6,0.6000000000000001
1074,1,8,19,0.8333333333333334,1.6666666666666667,9.0,4.0,5.0,3.666666666666666,1,3.6,2.6
3432,1,8,2,1.5,0.5,12.0,5.333333333333333,0.0,8.766666666666664,2,2.7,0.7000000000000002
19529,3,14,7,1.1764705882352942,1.5882352941176472,1.0,1.3333333333333333,1.2,3.766666666666667,2,1.4,0.6000000000000001
6894,3,11,8,0.8888888888888888,1.5789473684210529,2.0,1.6666666666666667,1.6,1.8666666666666656,1,1.7,0.7
4490,3,12,3,1.5294117647058822,0.9411764705882352,1.0,1.0,1.0,0.5999999999999998,1,0.7,0.30000000000000004
15777,2,11,4,1.5,1.25,1.0,1.3333333333333333,1.6,2.366666666666666,2,1.6,0.3999999999999999
930,3,6,4,2.0,1.3333333333333333,2.0,3.333333333333333,2.4,3.733333333333334,2,4.3,2.3
10031,1,8,14,1.6,1.0,2.0,2.0,2.8,4.433333333333334,2,3.0,1.0
2395,1,16,14,0.5,1.0,1.0,3.6666666666666665,2.8,4.633333333333336,9,4.8,4.2
16634,2,8,20,1.3333333333333333,1.6363636363636365,2.0,3.0,2.4,7.4333333333333345,2,4.5,2.5
5308,2,7,9,1.25,1.6666666666666667,2.0,3.0,4.4,4.1000000000000005,2,4.2,2.2
6842,1,3,6,2.142857142857143,0.2857142857142857,9.0,6.333333333333332,5.0,8.666666666666666,2,6.0,4.0
3434,1,5,17,2.0,1.6666666666666667,2.0,2.0,4.0,6.066666666666664,2,3.8,1.7999999999999998
20232,2,20,4,1.2727272727272727,1.2727272727272727,1.0,1.0,0.0,2.533333333333333,1,0.5,0.5
8886,2,5,3,1.9090909090909087,0.9090909090909092,2.0,3.6666666666666665,2.4,6.7,2,4.6,2.5999999999999996
361,2,3,19,2.0,1.375,7.0,3.333333333333333,4.4,4.666666666666665,2,3.6,1.6
6670,1,18,5,1.2,2.6666666666666665,1.0,2.333333333333333,1.8,3.0,1,3.5,2.5
4442,3,16,14,1.0,1.4615384615384617,2.0,2.6666666666666665,4.4,4.6,5,3.0,2.0
1773,2,3,12,1.6,1.3,1.0,1.0,3.2,0.5333333333333334,1,2.3,1.2999999999999998
2735,2,11,13,0.8,1.3636363636363635,13.0,9.0,6.0,7.366666666666666,9,7.9,1.0999999999999996
6333,2,17,19,0.5,1.25,2.0,2.0,2.6,5.2,2,2.2,0.20000000000000018
3061,1,15,1,1.5,2.5,2.0,5.666666666666668,0.0,7.666666666666668,2,7.5,5.5
10035,2,6,8,1.2857142857142858,2.2857142857142856,2.0,1.6666666666666667,1.8,3.4999999999999987,1,2.7,1.7000000000000002
1891,1,11,16,2.75,1.75,1.0,1.0,0.0,0.10000000000000002,1,2.7,1.7000000000000002
1790,2,11,18,1.181818181818182,0.8181818181818182,6.0,3.0,2.2,4.3,1,2.4,1.4
1765,1,12,10,2.0,2.0,1.0,0.0,0.0,0.0,-1,0.8,1.8
8866,1,1,17,4.0,4.0,9.0,0.0,0.0,0.0,13,0.6,12.4
5382,2,18,11,1.6363636363636365,1.5454545454545454,0.0,0.0,0.0,0.0,1,0.3,0.7
5064,1,16,7,0.0,0.0,0.0,0.0,0.0,0.0,2,-0.8,2.8
381,2,6,3,2.4545454545454546,0.8181818181818182,1.0,1.0,1.0,0.4666666666666672,1,1.6,0.6000000000000001
3576,1,7,15,0.75,0.75,1.0,6.333333333333332,7.2,11.466666666666667,12,9.0,3.0
2371,2,9,20,1.8888888888888888,1.2222222222222223,1.0,4.0,5.2,4.8666666666666645,6,6.3,0.2999999999999998
5300,2,9,7,1.125,2.0,1.0,4.666666666666667,3.6,5.766666666666667,12,6.7,5.3
20488,3,19,4,0.5789473684210527,0.8421052631578947,8.0,3.333333333333333,2.4,6.366666666666667,2,0.4,1.6
6073,3,18,7,0.9333333333333332,2.2,5.0,2.6666666666666665,2.2,3.4000000000000004,2,1.7,0.30000000000000004
21078,1,13,3,0.6,0.25,1.0,2.0,0.0,2.8666666666666667,4,1.7,2.3
6998,1,18,5,1.2,2.6666666666666665,9.0,4.0,3.2,3.1999999999999997,2,2.8,0.7999999999999998
16626,2,7,11,0.7142857142857143,0.7142857142857143,2.0,4.333333333333333,3.4,5.433333333333335,2,5.4,3.4000000000000004
5460,1,18,15,0.5,1.0,8.0,4.0,4.4,4.266666666666667,2,2.6,0.6000000000000001
5425,2,20,15,0.6666666666666666,1.1666666666666667,1.0,2.333333333333333,2.0,2.8666666666666667,2,2.6,0.6000000000000001
16604,3,9,13,1.0,1.4,2.0,1.6666666666666667,1.4,1.8,2,2.0,0.0
1399,2,7,9,1.75,1.125,1.0,1.3333333333333333,2.4,2.1999999999999997,1,2.2,1.2000000000000002
2597,3,15,2,1.4666666666666666,0.8571428571428571,2.0,3.6666666666666665,2.4,7.466666666666668,1,3.5,2.5
10041,2,6,13,1.5,2.0,1.0,2.0,1.4,4.933333333333334,4,3.6,0.3999999999999999
2588,2,10,13,1.6666666666666667,1.8181818181818181,2.0,5.0,4.4,4.566666666666666,2,7.2,5.2
4758,2,14,5,0.7777777777777778,0.8,1.0,1.0,1.2,3.3333333333333344,1,0.5,0.5
1071,1,14,9,1.5,1.5,2.0,4.666666666666667,0.0,4.3,11,6.1,4.9
15740,2,11,4,1.5,1.25,2.0,2.333333333333333,2.8,5.766666666666663,1,2.6,1.6
5420,2,19,3,0.42857142857142855,0.8571428571428571,1.0,1.0,1.0,0.9666666666666668,1,0.1,0.9
5090,3,19,8,0.8571428571428571,1.1428571428571428,2.0,1.3333333333333333,2.4,1.5999999999999996,1,0.5,0.5
4404,1,14,8,1.0,1.4285714285714286,7.0,3.6666666666666665,2.6,6.4,2,2.7,0.7000000000000002
6898,1,15,4,1.0,1.0,0.0,0.0,0.0,0.0,1,-0.1,1.1
22619,3,19,17,0.6875,0.875,0.0,2.333333333333333,2.0,6.166666666666665,2,2.7,0.7000000000000002
3756,1,5,8,1.0,1.0,9.0,0.0,0.0,0.0,2,-2.6,4.6
3780,1,17,5,1.6666666666666667,3.333333333333333,2.0,1.3333333333333333,0.0,1.9333333333333331,1,2.3,1.2999999999999998
2700,3,7,16,0.6428571428571429,1.2857142857142858,1.0,1.0,1.0,0.5666666666666665,1,1.6,0.6000000000000001
5075,1,15,20,1.1428571428571428,1.7142857142857142,2.0,2.0,2.8,3.3000000000000003,2,3.1,1.1
1069,1,18,9,0.0,0.0,1.0,0.0,0.0,0.0,1,-1.3,2.3
18559,3,17,7,1.3888888888888888,1.7777777777777777,2.0,5.333333333333333,3.8,8.9,8,6.4,1.5999999999999996
2737,2,11,7,0.9090909090909092,1.7272727272727273,1.0,4.0,6.0,3.833333333333334,2,5.6,3.5999999999999996
3074,2,8,16,1.5,1.375,2.0,4.0,3.8,4.033333333333332,2,5.8,3.8
5416,1,15,1,0.0,1.0,1.0,0.0,0.0,0.0,1,-0.9,1.9
6926,3,13,9,1.6,2.357142857142857,2.0,2.0,1.8,4.000000000000001,2,2.6,0.6000000000000001
8900,3,3,17,2.263157894736842,0.8947368421052632,0.0,9.333333333333334,7.2,14.166666666666664,16,13.7,2.3000000000000007
784,1,19,11,0.0,1.5,2.0,1.6666666666666667,0.0,1.3333333333333333,2,1.4,0.6000000000000001
2069,2,12,7,1.25,1.9166666666666667,5.0,4.0,5.0,7.099999999999999,5,4.1,0.9000000000000004
2515,2,12,10,0.4545454545454545,0.75,2.0,3.6666666666666665,2.8,6.933333333333331,1,4.0,3.0
1401,2,6,15,0.7777777777777778,2.333333333333333,1.0,2.6666666666666665,2.2,3.299999999999999,6,4.7,1.2999999999999998
6341,2,20,1,0.5384615384615384,0.6923076923076923,2.0,1.6666666666666667,2.2,3.4,1,0.4,0.6
19519,2,9,13,0.75,2.4166666666666665,5.0,2.333333333333333,1.8,2.533333333333333,1,2.5,1.5
2471,2,14,15,1.5,1.2222222222222223,1.0,2.333333333333333,1.8,2.200000000000001,4,3.3,0.7000000000000002
7922,1,17,19,0.5,0.5,0.0,0.0,0.0,0.0,2,0.1,1.9
1077,2,13,12,0.625,1.0,1.0,1.0,2.6,0.06666666666666643,1,1.1,0.10000000000000009
3575,1,8,3,1.0,2.333333333333333,6.0,6.333333333333332,5.8,12.566666666666668,1,7.3,6.3
2466,1,13,3,1.375,1.0,2.0,5.0,4.8,7.600000000000001,2,6.1,4.1
2056,1,20,7,0.0,1.5,1.0,1.0,0.0,3.0666666666666664,1,0.6,0.4
4139,1,2,11,1.2,1.2,1.0,5.666666666666668,4.2,6.633333333333333,7,8.6,1.5999999999999996
10812,2,17,2,1.0,1.5555555555555556,2.0,1.3333333333333333,1.4,2.066666666666667,1,0.8,0.19999999999999996
7588,2,9,5,0.6666666666666666,0.7272727272727273,0.0,0.0,0.0,0.0,2,-0.1,2.1
8957,2,4,12,1.9,1.1111111111111112,1.0,2.333333333333333,1.8,5.3666666666666645,1,3.8,2.8
10073,2,6,16,1.375,2.25,2.0,6.666666666666668,8.2,8.666666666666666,11,10.0,1.0
5315,3,7,3,1.2,0.8,16.0,10.0,8.4,12.100000000000005,2,7.5,5.5
6097,2,11,16,1.3076923076923077,1.5384615384615383,2.0,2.6666666666666665,1.6,6.099999999999998,2,3.6,1.6
11587,3,9,4,1.4666666666666666,1.4705882352941178,2.0,1.6666666666666667,1.4,3.833333333333334,1,1.6,0.6000000000000001
5058,2,13,11,1.0,1.2,5.0,3.0,2.4,3.1666666666666687,2,2.4,0.3999999999999999
6320,1,3,13,1.0,1.0,1.0,0.0,0.0,0.0,1,0.8,0.19999999999999996
4177,2,2,18,1.1666666666666667,2.5,1.0,2.6666666666666665,3.6,4.400000000000001,5,5.3,0.2999999999999998
4432,2,15,3,0.875,0.875,2.0,1.6666666666666667,1.6,2.600000000000001,2,1.0,1.0
10071,2,6,8,1.2857142857142858,2.2857142857142856,9.0,9.333333333333334,6.4,12.533333333333333,7,10.4,3.4000000000000004
4410,2,15,1,0.9,0.5,2.0,1.0,3.4,1.9666666666666641,0,-0.1,0.1
1913,3,11,10,1.2,2.3076923076923075,12.0,5.333333333333333,3.8,8.033333333333335,2,3.4,1.4
2474,2,10,13,1.6666666666666667,1.8181818181818181,4.0,2.0,2.2,2.833333333333334,1,2.3,1.2999999999999998
20164,2,11,8,1.1666666666666667,1.7692307692307692,1.0,1.0,1.0,1.4,1,1.5,0.5
16627,2,8,1,1.125,2.0,2.0,2.0,3.4,3.5000000000000013,2,2.5,0.5
3795,1,1,4,2.75,1.0,6.0,7.666666666666668,6.6,11.6,5,9.5,4.5
12423,2,13,2,1.0,0.625,1.0,1.3333333333333333,1.2,3.733333333333333,2,0.9,1.1
7949,3,16,9,1.5,2.2857142857142856,10.0,5.666666666666668,4.0,9.866666666666667,5,4.3,0.7000000000000002
401,2,5,18,2.4444444444444446,1.6666666666666667,1.0,1.6666666666666667,3.2,4.833333333333335,2,3.7,1.7000000000000002
17730,2,16,6,0.9,0.9,1.0,6.0,4.4,7.233333333333333,5,7.4,2.4000000000000004
21080,1,11,14,0.8333333333333334,0.8333333333333334,1.0,2.0,1.6,2.833333333333334,1,2.8,1.7999999999999998
7944,2,19,9,1.4615384615384617,1.5384615384615383,2.0,3.333333333333333,2.8,9.033333333333337,2,3.7,1.7000000000000002
6909,1,14,8,0.8333333333333334,0.6666666666666666,1.0,1.6666666666666667,2.4,1.2,2,1.9,0.10000000000000009
15747,2,13,3,1.4166666666666667,1.25,9.0,6.333333333333332,4.6,7.799999999999998,9,5.2,3.8
22553,3,4,19,2.1111111111111107,1.2941176470588236,0.0,2.333333333333333,6.2,3.633333333333335,6,4.7,1.2999999999999998
11606,2,12,14,1.7142857142857142,2.2857142857142856,9.0,4.0,4.2,7.733333333333333,1,3.3,2.3
17717,1,16,2,1.6666666666666667,0.3333333333333333,2.0,1.6666666666666667,3.4,2.6666666666666665,1,1.2,0.19999999999999996
2068,2,14,17,0.5454545454545454,1.4166666666666667,2.0,3.0,4.4,4.933333333333334,5,3.8,1.2000000000000002
20967,3,11,3,0.8947368421052632,1.1764705882352942,1.0,2.6666666666666665,3.2,2.700000000000001,1,3.0,2.0
742,2,16,12,0.7272727272727273,1.2727272727272727,1.0,1.3333333333333333,1.2,4.7,2,1.4,0.6000000000000001
17735,2,15,2,0.75,1.1666666666666667,7.0,3.6666666666666665,3.0,7.966666666666666,2,1.8,0.19999999999999996
20163,2,9,7,1.25,1.75,1.0,1.0,0.0,1.2666666666666668,1,1.6,0.6000000000000001
10055,3,6,5,1.6875,1.0,5.0,2.333333333333333,4.0,2.1,1,1.6,0.6000000000000001
5318,3,7,14,2.3529411764705883,1.3529411764705883,13.0,7.0,7.8,12.833333333333336,6,5.6,0.40000000000000036
6956,2,15,11,0.7272727272727273,2.272727272727273,2.0,1.3333333333333333,1.2,1.7666666666666668,1,1.6,0.6000000000000001
16611,3,14,5,1.263157894736842,1.6666666666666667,2.0,1.6666666666666667,1.6,4.1,1,1.4,0.3999999999999999
7589,2,9,19,1.5,1.3333333333333333,2.0,0.0,0.0,0.0,2,0.4,1.6
5101,2,16,11,1.1538461538461535,1.4615384615384617,1.0,1.3333333333333333,1.2,2.3333333333333326,1,1.6,0.6000000000000001
17407,3,7,17,1.0555555555555556,1.7777777777777777,1.0,1.0,2.8,3.8,1,2.0,1.0
11572,2,9,12,1.625,1.625,1.0,1.3333333333333333,1.2,2.133333333333334,2,2.4,0.3999999999999999
11569,1,10,7,1.7142857142857142,2.0,1.0,1.0,0.8,0.4666666666666672,1,2.1,1.1
10072,2,6,5,1.375,0.625,7.0,6.0,6.4,10.233333333333333,2,5.7,3.7
5430,1,14,5,0.6666666666666666,1.0,2.0,3.333333333333333,2.8,4.4,2,3.7,1.7000000000000002
12417,1,13,10,1.1666666666666667,1.3333333333333333,1.0,1.0,1.0,2.1,1,1.5,0.5
4156,1,1,20,4.0,4.0,0.0,0.0,0.0,0.0,13,4.1,8.9
20321,1,4,12,2.333333333333333,0.6666666666666666,2.0,0.0,0.0,0.0,1,0.5,0.5
5086,2,17,14,1.25,2.083333333333333,1.0,3.0,2.0,6.933333333333334,7,4.2,2.8
20942,1,14,11,1.5,2.0,5.0,4.333333333333333,3.4,5.3,7,5.0,2.0
2513,2,13,2,0.4,1.181818181818182,2.0,3.6666666666666665,7.0,3.6666666666666656,8,4.0,4.0
6321,1,5,11,1.0,1.0,1.0,1.0,0.0,0.6,1,1.9,0.8999999999999999
22828,3,18,10,0.8823529411764706,0.6470588235294118,2.0,2.333333333333333,2.0,2.9999999999999987,1,1.7,0.7
3533,1,3,17,1.0,1.0,0.0,0.0,0.0,0.0,4,1.3,2.7
3477,1,6,13,1.8,1.4,1.0,1.0,1.0,0.8000000000000002,1,2.4,1.4
6382,2,19,16,1.0,1.25,2.0,5.0,3.6,7.7666666666666675,5,6.1,1.0999999999999996
6831,1,13,5,0.75,1.25,2.0,1.6666666666666667,3.4,1.7333333333333332,2,1.7,0.30000000000000004
10060,1,3,5,2.0,0.5,13.0,8.0,0.0,11.433333333333332,2,6.5,4.5
22616,3,18,9,0.6428571428571429,1.4285714285714286,1.0,1.3333333333333333,1.2,4.466666666666666,2,0.9,1.1
21855,2,9,2,1.2222222222222223,1.4,1.0,0.0,0.0,0.0,1,-0.1,1.1
18532,1,19,9,0.8,1.8,7.0,3.333333333333333,2.8,6.566666666666667,1,2.1,1.1
8887,2,5,11,2.1666666666666665,2.1666666666666665,2.0,1.6666666666666667,2.8,4.466666666666668,1,3.1,2.1
7003,2,15,19,1.2,1.3636363636363635,4.0,2.0,1.6,2.3666666666666663,1,1.9,0.8999999999999999
8897,3,4,19,2.1111111111111107,1.2941176470588236,2.0,6.666666666666668,7.4,12.800000000000002,12,9.6,2.4000000000000004
2386,2,9,20,1.8888888888888888,1.2222222222222223,1.0,1.0,1.0,0.5333333333333335,1,2.2,1.2000000000000002
17714,1,6,10,1.5,1.0,10.0,7.0,0.0,7.3,2,6.5,4.5
3797,1,1,8,4.2,2.0,13.0,6.333333333333332,7.4,9.633333333333336,1,6.3,5.3
5398,3,18,13,0.8421052631578947,1.6666666666666667,2.0,2.0,1.0,5.700000000000002,2,1.8,0.19999999999999996
2406,2,9,5,0.6666666666666666,0.7272727272727273,1.0,1.0,4.8,2.466666666666669,1,1.0,0.0
376,2,5,11,1.125,1.1111111111111112,1.0,1.0,1.2,1.4,1,1.7,0.7
12469,3,9,18,1.2857142857142858,1.2142857142857142,1.0,1.0,1.6,0.43333333333333296,1,1.7,0.7
12475,3,11,18,0.875,1.8823529411764703,1.0,1.3333333333333333,1.2,1.1,1,2.2,1.2000000000000002
1907,2,14,7,1.3333333333333333,2.333333333333333,2.0,3.333333333333333,3.4,2.666666666666668,1,4.5,3.5
7929,1,13,3,1.4,1.5,2.0,1.0,3.0,7.7666666666666675,2,0.9,1.1
6843,2,3,19,1.4285714285714286,0.8571428571428571,2.0,4.0,5.0,8.0,1,5.9,4.9
6108,2,10,7,1.4166666666666667,1.1666666666666667,1.0,1.3333333333333333,1.2,1.4,1,1.8,0.8
15728,1,10,17,2.5,0.5,1.0,2.6666666666666665,0.0,3.0333333333333328,6,4.2,1.7999999999999998
21872,3,7,14,1.1176470588235294,1.9411764705882355,1.0,1.3333333333333333,2.2,0.6,1,2.4,1.4
5407,1,3,20,1.3333333333333333,2.1666666666666665,1.0,1.0,0.8,0.5333333333333333,1,3.2,2.2
3793,1,2,8,3.0,4.0,9.0,7.333333333333332,0.0,8.966666666666667,12,9.5,2.5
8955,2,3,20,2.4444444444444446,1.7777777777777777,1.0,2.333333333333333,1.8,4.799999999999999,5,4.8,0.20000000000000018
2728,1,10,13,0.5,1.0,2.0,2.0,3.4,3.0333333333333337,2,2.5,0.5
21083,2,7,11,0.7142857142857143,0.7142857142857143,1.0,1.0,1.0,0.2666666666666672,1,1.3,0.30000000000000004
2375,2,9,2,1.5454545454545454,1.0909090909090908,1.0,1.3333333333333333,2.2,0.4666666666666656,1,1.7,0.7
8080,1,3,13,2.1666666666666665,2.2,1.0,1.0,1.0,0.5666666666666661,1,3.1,2.1
14915,1,3,19,1.0,0.6666666666666666,6.0,5.666666666666668,4.8,11.166666666666664,9,6.6,2.4000000000000004
21017,2,20,13,1.3333333333333333,2.1111111111111107,5.0,3.0,2.6,7.699999999999998,2,2.5,0.5
5440,2,20,13,0.5,1.875,2.0,2.0,1.8,2.833333333333334,2,2.0,0.0
4781,1,11,12,0.0,0.0,0.0,0.0,0.0,0.0,2,-0.3,2.3
6950,2,14,10,0.75,1.125,1.0,1.0,1.2,1.366666666666667,1,1.0,0.0
8888,2,3,17,1.9166666666666667,2.1666666666666665,1.0,1.3333333333333333,2.6,3.6,1,3.4,2.4
7978,2,4,17,2.8,2.1818181818181817,6.0,4.333333333333333,3.6,8.133333333333333,1,5.7,4.7
11559,1,15,16,0.5,0.5,2.0,1.6666666666666667,0.0,3.7,1,1.5,0.5
6933,3,11,3,0.8947368421052632,1.1764705882352942,2.0,4.666666666666667,3.4,4.933333333333335,7,5.3,1.7000000000000002
796,3,11,15,1.4285714285714286,1.6428571428571428,2.0,1.3333333333333333,3.6,4.133333333333336,1,1.7,0.7
22620,3,19,12,0.9333333333333332,1.25,2.0,1.3333333333333333,2.2,4.8,2,0.6,1.4
5094,1,13,12,1.25,0.6666666666666666,1.0,2.0,0.0,2.8666666666666663,0,2.6,2.6
7613,3,18,3,1.0666666666666669,1.5714285714285714,2.0,1.6666666666666667,0.0,2.6666666666666665,2,0.9,1.1
394,1,6,1,1.1666666666666667,0.6666666666666666,2.0,4.0,3.2,7.066666666666667,4,4.9,0.9000000000000004
1953,3,15,1,1.8125,1.3125,1.0,1.0,1.0,1.4333333333333331,1,0.6,0.4
3440,1,5,14,2.0,1.2,2.0,5.0,3.8,8.466666666666663,5,7.4,2.4000000000000004
9971,2,6,9,1.4545454545454546,1.7272727272727273,1.0,4.666666666666667,3.4,6.2333333333333325,8,6.9,1.0999999999999996
3458,1,10,7,0.6666666666666666,2.333333333333333,5.0,3.0,0.0,9.1,2,2.9,0.8999999999999999
2059,1,20,16,1.0,2.0,2.0,1.6666666666666667,1.4,3.3666666666666663,1,2.2,1.2000000000000002
19527,3,14,18,1.25,2.125,1.0,1.0,1.8,3.5,1,1.8,0.8
16633,2,8,2,1.2727272727272727,1.2727272727272727,5.0,2.6666666666666665,2.2,4.100000000000001,2,2.0,0.0
7278,1,8,1,1.0,0.6,7.0,3.333333333333333,2.8,5.333333333333333,1,1.9,0.8999999999999999
6068,2,18,5,1.6666666666666667,1.5384615384615383,1.0,1.6666666666666667,3.8,2.5,2,2.0,0.0
355,1,5,4,2.25,2.5,1.0,1.0,1.0,1.9666666666666663,1,2.7,1.7000000000000002
3774,2,1,20,3.4615384615384617,1.4615384615384617,17.0,9.333333333333334,7.0,16.333333333333332,6,8.5,2.5
751,2,14,9,1.2727272727272727,1.7272727272727273,1.0,1.3333333333333333,1.2,0.26666666666666666,1,1.9,0.8999999999999999
4502,1,9,15,1.25,3.0,1.0,1.3333333333333333,1.6,2.0333333333333328,1,3.4,2.4
5840,2,5,2,2.25,1.5384615384615383,8.0,7.666666666666668,8.2,14.566666666666665,2,8.2,6.199999999999999
1396,1,7,19,0.6666666666666666,0.8333333333333334,1.0,3.333333333333333,2.4,5.966666666666666,7,5.1,1.9000000000000004
22611,2,16,10,1.0909090909090908,2.0,1.0,0.0,0.0,0.0,1,0.1,0.9
20473,2,16,10,1.0909090909090908,2.0,1.0,1.0,1.0,0.06666666666666668,1,1.5,0.5
14934,2,2,15,2.1666666666666665,1.1666666666666667,2.0,4.333333333333333,6.4,5.999999999999999,6,6.7,0.7000000000000002
2374,2,9,14,0.7272727272727273,1.5454545454545454,2.0,1.3333333333333333,2.2,1.6333333333333322,1,1.8,0.8
17720,1,17,2,1.0,1.8,2.0,1.6666666666666667,1.6,7.066666666666666,2,1.5,0.5
4158,1,1,15,0.0,3.0,6.0,6.333333333333332,0.0,13.333333333333336,0,8.1,8.1
6387,3,20,14,1.0714285714285714,2.0,2.0,1.6666666666666667,3.2,1.233333333333334,2,1.7,0.30000000000000004
10075,2,6,18,1.5555555555555556,1.7777777777777777,12.0,12.666666666666664,9.4,15.866666666666667,15,14.2,0.8000000000000007
5070,1,17,1,1.0,0.75,9.0,6.666666666666668,5.4,6.933333333333333,9,5.2,3.8
13088,2,18,12,1.3333333333333333,0.7777777777777778,1.0,1.6666666666666667,0.0,1.7666666666666668,2,1.7,0.30000000000000004
934,3,6,15,2.0,1.9411764705882355,1.0,1.3333333333333333,1.6,2.6666666666666674,1,2.7,1.7000000000000002
3109,2,8,10,1.7,2.1,1.0,1.3333333333333333,4.8,1.6333333333333329,2,2.8,0.7999999999999998
11582,3,10,13,1.2142857142857142,0.7857142857142857,5.0,2.333333333333333,3.6,3.5666666666666664,1,1.5,0.5
15733,1,9,19,1.4,1.8,2.0,4.333333333333333,4.2,6.766666666666665,2,6.7,4.7
7009,1,17,2,0.0,0.0,0.0,0.0,0.0,0.0,0,-1.2,1.2
7506,2,19,17,0.625,1.25,6.0,5.666666666666668,3.8,6.5,9,5.5,3.5
3572,1,2,13,0.5,1.0,5.0,5.0,0.0,10.233333333333333,5,5.7,0.7000000000000002
17334,1,17,3,2.0,3.0,0.0,0.0,0.0,0.0,2,1.1,0.8999999999999999
6655,1,15,18,1.6666666666666667,0.25,1.0,1.3333333333333333,0.0,4.533333333333333,1,1.7,0.7
8951,2,4,1,1.8571428571428568,1.1428571428571428,1.0,3.333333333333333,2.4,4.433333333333332,1,4.7,3.7
5361,3,7,5,1.0526315789473684,1.0,1.0,1.0,1.0,0.10000000000000013,1,1.0,0.0
5448,2,20,15,0.6666666666666666,1.1666666666666667,2.0,5.666666666666668,5.4,8.06666666666667,8,6.8,1.2000000000000002
890,2,4,1,2.333333333333333,1.0,1.0,3.0,5.8,4.466666666666667,6,4.4,1.5999999999999996
4430,1,14,8,1.0,1.4285714285714286,1.0,1.3333333333333333,2.8,2.133333333333334,1,1.9,0.8999999999999999
2378,3,10,6,0.6923076923076923,1.0769230769230769,1.0,2.333333333333333,1.8,2.566666666666665,5,2.6,2.4
4142,1,2,11,2.5,1.5,2.0,3.0,3.4,3.733333333333333,5,5.2,0.20000000000000018
10078,2,6,3,1.5454545454545454,1.5,8.0,6.666666666666668,9.4,10.966666666666667,7,6.8,0.20000000000000018
349,1,12,14,2.0,0.0,5.0,0.0,0.0,0.0,1,-1.5,2.5
6376,2,17,5,0.4444444444444444,0.3333333333333333,2.0,1.6666666666666667,1.8,7.300000000000002,1,0.4,0.6
3553,2,1,15,1.181818181818182,1.4545454545454546,1.0,1.0,1.0,5.181040781584063e-16,1,2.4,1.4
2698,2,7,12,0.6666666666666666,1.5,1.0,1.0,0.0,0.7666666666666666,1,1.7,0.7
4151,2,3,13,1.181818181818182,1.5,2.0,1.6666666666666667,2.0,7.166666666666668,2,2.6,0.6000000000000001
3792,1,4,18,2.0,2.0,1.0,3.6666666666666665,0.0,6.333333333333332,9,6.6,2.4000000000000004
3077,2,8,2,1.3,1.0,2.0,5.0,3.8,6.199999999999998,8,6.1,1.9000000000000004
13119,1,20,13,1.1666666666666667,1.0,7.0,7.0,5.0,6.966666666666668,12,7.0,5.0
725,3,10,17,0.9285714285714286,1.4285714285714286,2.0,5.333333333333333,6.0,6.466666666666666,2,7.1,5.1
13134,3,20,7,1.3846153846153846,2.1538461538461537,2.0,5.666666666666668,4.2,5.7333333333333325,2,6.9,4.9
363,2,4,19,1.6153846153846154,1.3846153846153846,1.0,1.3333333333333333,2.4,4.066666666666665,1,2.9,1.9
6674,2,19,1,0.6666666666666666,0.75,1.0,1.0,1.0,0.6999999999999997,1,0.0,1.0
17409,3,7,5,1.0526315789473684,1.0,1.0,1.3333333333333333,1.2,3.533333333333333,2,1.4,0.6000000000000001
2479,3,11,19,0.5,0.7692307692307693,1.0,1.0,2.0,0.30000000000000104,1,1.2,0.19999999999999996
18538,2,18,20,1.625,2.0,1.0,9.666666666666666,6.4,11.4,13,13.7,0.6999999999999993
6877,2,15,11,0.8888888888888888,1.6666666666666667,1.0,2.6666666666666665,2.0,4.233333333333333,6,3.5,2.5
10059,1,2,16,2.0,1.0,9.0,0.0,0.0,0.0,13,-1.7,14.7
12425,2,11,14,1.3,0.8,10.0,6.0,4.0,7.900000000000001,6,4.8,1.2000000000000002
3561,3,1,16,2.0,1.6666666666666667,1.0,1.0,1.0,0.23333333333333384,1,2.6,1.6
9959,1,8,14,1.6,1.0,1.0,1.0,1.0,1.0999999999999996,1,2.0,1.0
15764,1,18,8,1.0,0.5,2.0,1.6666666666666667,0.0,3.0,1,1.1,0.10000000000000009
1955,3,13,19,1.9411764705882355,1.4705882352941178,1.0,1.0,1.0,0.9999999999999996,1,1.8,0.8
753,2,13,6,1.3333333333333333,1.5,1.0,1.0,1.2,1.3333333333333333,1,1.2,0.19999999999999996
8077,1,4,17,1.8,2.0,1.0,1.0,1.0,2.233333333333333,1,3.0,2.0
6870,1,11,5,0.8,1.0,1.0,1.0,1.0,0.7333333333333334,1,1.2,0.19999999999999996
21345,1,11,9,1.0,3.0,0.0,0.0,0.0,0.0,1,1.5,0.5
6342,3,20,15,1.0769230769230769,1.5833333333333333,1.0,3.0,3.2,4.5666666666666655,6,3.6,2.4
16640,3,8,7,0.6923076923076923,2.2142857142857144,2.0,1.6666666666666667,1.6,2.8000000000000016,1,2.1,1.1
1774,1,17,1,1.0,0.3333333333333333,6.0,3.0,2.6,5.333333333333333,1,1.1,0.10000000000000009
4132,1,1,15,0.0,4.0,5.0,0.0,0.0,0.0,2,0.8,1.2
6667,1,17,10,0.5,0.3333333333333333,1.0,0.6666666666666666,1.4,0.1333333333333333,1,0.1,0.9
2697,2,7,4,1.5454545454545454,1.9090909090909087,1.0,1.0,0.0,0.7666666666666666,1,1.8,0.8
22832,3,17,20,0.9473684210526316,0.9473684210526316,5.0,4.0,3.6,4.466666666666664,2,3.6,1.6
5826,1,3,9,1.4,3.0,2.0,10.333333333333334,9.2,14.766666666666666,16,15.4,0.5999999999999996
4131,1,1,20,4.0,4.0,0.0,0.0,0.0,0.0,5,4.1,0.9000000000000004
6094,2,10,11,1.2222222222222223,2.1111111111111107,2.0,0.6666666666666666,1.8,1.6333333333333315,-2,1.2,3.2
6860,3,12,9,1.6666666666666667,1.7894736842105263,2.0,6.333333333333332,6.0,9.900000000000002,9,8.3,0.6999999999999993
3534,1,4,14,0.0,2.0,4.0,0.0,0.0,0.0,6,-0.2,6.2
7508,2,20,9,0.5555555555555556,1.4444444444444444,2.0,4.0,4.0,3.266666666666667,1,4.4,3.4000000000000004
12432,3,9,18,1.2857142857142858,1.2142857142857142,1.0,2.6666666666666665,3.6,4.700000000000003,5,3.9,1.1
21228,2,20,8,1.2727272727272727,1.9166666666666667,1.0,1.3333333333333333,1.6,2.500000000000004,1,1.5,0.5
5844,1,10,12,1.0,1.0,0.0,0.0,0.0,0.0,1,0.6,0.4
4433,2,16,8,1.125,1.625,2.0,1.0,1.0,2.433333333333335,-1,0.7,1.7
6864,1,16,6,1.0,1.0,1.0,1.0,0.0,0.6333333333333334,1,0.9,0.09999999999999998
3760,1,1,20,3.6666666666666665,2.333333333333333,20.0,13.333333333333336,8.6,19.53333333333333,11,13.6,2.5999999999999996
2712,2,11,13,1.0,2.2,1.0,3.6666666666666665,2.8,8.733333333333334,5,5.5,0.5
6366,1,12,7,0.6666666666666666,1.0,2.0,2.0,2.6,4.199999999999998,2,2.1,0.10000000000000009
16602,3,9,18,1.2857142857142858,1.2142857142857142,1.0,1.0,1.2,0.4666666666666668,1,1.7,0.7
2357,1,16,5,0.5,0.0,1.0,2.333333333333333,0.0,4.2,1,1.9,0.8999999999999999
6331,2,17,12,1.1428571428571428,1.5714285714285714,6.0,3.0,2.2,4.6,2,2.0,0.0
7507,2,20,1,0.5555555555555556,0.5555555555555556,9.0,5.666666666666668,4.0,6.366666666666667,2,3.1,1.1
7989,3,3,8,1.6470588235294117,1.6111111111111112,1.0,1.0,2.0,1.4333333333333338,1,1.9,0.8999999999999999
9966,2,6,8,1.4444444444444444,2.1111111111111107,2.0,2.6666666666666665,3.6,7.7333333333333325,5,4.0,1.0
7024,2,18,5,0.7777777777777778,0.7777777777777778,1.0,3.0,2.6,3.0666666666666638,2,3.0,1.0
6906,1,12,11,1.6,1.2,1.0,2.6666666666666665,2.4,3.266666666666667,6,4.0,2.0
3784,1,12,14,1.3333333333333333,1.8333333333333333,1.0,1.0,1.0,1.2333333333333332,1,2.1,1.1
14997,1,5,1,1.4285714285714286,1.8571428571428568,5.0,2.333333333333333,3.4,2.066666666666668,1,2.4,1.4
6958,2,16,6,1.3333333333333333,1.0,1.0,1.0,1.2,1.6000000000000003,1,0.8,0.19999999999999996
16635,2,8,15,0.6363636363636364,1.25,2.0,2.0,2.4,5.400000000000001,2,2.6,0.6000000000000001
5044,1,11,5,0.5,0.5,1.0,0.0,0.0,0.0,7,-0.6,7.6
15003,2,4,13,1.8,1.8,1.0,1.0,1.8,0.2333333333333344,1,2.5,1.5
5471,2,20,16,0.6,1.4,2.0,1.6666666666666667,2.2,3.1333333333333337,2,1.5,0.5
719,2,14,9,1.2727272727272727,1.7272727272727273,7.0,3.6666666666666665,2.8,6.566666666666666,2,2.7,0.7000000000000002
3474,1,8,7,2.0,2.333333333333333,1.0,1.0,0.0,2.0000000000000004,1,2.4,1.4
1779,1,10,15,1.0,1.8,2.0,4.0,4.4,5.266666666666667,1,5.9,4.9
16621,1,13,3,0.6,0.25,2.0,2.0,4.8,5.400000000000001,2,1.5,0.5
17386,2,9,7,1.125,2.0,1.0,1.0,1.0,2.1333333333333333,1,1.7,0.7
391,1,6,4,0.25,2.5,2.0,5.666666666666668,5.0,8.499999999999998,2,8.0,6.0
13108,3,20,1,1.1666666666666667,1.0555555555555556,1.0,1.6666666666666667,1.4,3.433333333333335,2,0.9,1.1
2603,3,14,8,1.3888888888888888,1.875,9.0,5.0,3.6,6.566666666666666,4,3.6,0.3999999999999999
4403,1,11,2,0.6666666666666666,0.6666666666666666,2.0,3.333333333333333,2.4,6.5,7,3.5,3.5
4417,3,13,2,0.8571428571428571,1.5,2.0,2.6666666666666665,2.2,3.2666666666666635,5,2.5,2.5
2063,2,20,14,1.25,1.25,2.0,1.0,1.0,6.399999999999999,-1,0.5,1.5
3554,2,1,19,1.9090909090909087,1.8181818181818181,1.0,1.0,1.0,0.13333333333333386,1,3.0,2.0
5305,2,7,10,1.4,1.7,2.0,7.0,5.0,11.133333333333333,11,9.6,1.4000000000000004
6086,1,8,15,2.5,1.3333333333333333,2.0,2.0,0.0,2.1666666666666656,2,3.4,1.4
17384,1,7,10,1.0,2.5714285714285716,1.0,1.0,1.0,0.3666666666666663,1,2.6,1.6
1042,1,17,3,0.0,0.0,0.0,0.0,0.0,0.0,1,-1.1,2.1
2519,3,12,4,0.6428571428571429,0.7857142857142857,12.0,5.333333333333333,3.8,6.099999999999999,2,2.1,0.10000000000000009
17421,1,17,5,0.8333333333333334,0.8333333333333334,0.0,0.0,0.0,0.0,2,-0.3,2.3
1898,2,12,13,1.125,1.3333333333333333,4.0,4.0,2.8,6.900000000000001,7,4.4,2.5999999999999996
1043,1,18,9,0.0,0.0,1.0,0.0,0.0,0.0,2,-1.3,3.3
22614,2,16,7,1.0,1.6923076923076923,1.0,1.0,0.0,1.0666666666666669,1,1.1,0.10000000000000009
11628,3,8,13,1.4117647058823528,2.1111111111111107,1.0,1.3333333333333333,3.0,3.1333333333333333,2,2.5,0.5
17388,2,9,2,1.2222222222222223,1.4,2.0,1.6666666666666667,1.4,1.5666666666666664,2,1.8,0.19999999999999996
1067,3,12,18,1.3571428571428572,1.6428571428571428,2.0,6.666666666666668,5.8,9.26666666666667,12,9.0,3.0
4181,3,2,13,1.0,1.0714285714285714,6.0,3.333333333333333,4.0,5.066666666666666,2,3.0,1.0
2396,1,18,5,1.0,1.8,9.0,5.333333333333333,3.8,7.133333333333336,6,4.0,2.0
6656,1,15,7,0.6,2.0,1.0,0.0,0.8,3.533333333333333,-2,0.0,2.0
1388,1,7,20,0.5,1.0,1.0,0.6666666666666666,0.0,1.2666666666666666,1,1.6,0.6000000000000001
10026,1,7,9,1.6666666666666667,0.6666666666666666,1.0,3.6666666666666665,0.0,8.633333333333333,6,5.1,0.9000000000000004
5097,1,14,12,1.3333333333333333,1.6666666666666667,1.0,1.0,0.8,0.4666666666666659,1,1.8,0.8
20938,1,12,10,1.25,0.75,2.0,5.666666666666668,0.0,7.899999999999999,2,7.1,5.1
3584,2,1,8,0.875,2.0,12.0,8.333333333333334,8.6,9.566666666666668,8,8.2,0.1999999999999993
5289,1,3,19,2.5,2.5,2.0,6.666666666666668,0.0,14.933333333333332,17,10.6,6.4
6847,2,3,12,1.6,1.3,1.0,3.0,3.6,8.433333333333332,6,4.8,1.2000000000000002
6660,2,17,15,1.1111111111111112,1.7,2.0,2.333333333333333,1.2,3.8333333333333335,4,2.8,1.2000000000000002
356,1,4,17,2.0,0.6,1.0,1.0,1.0,1.2999999999999998,1,2.3,1.2999999999999998
5830,2,7,9,1.8571428571428568,1.2857142857142858,8.0,5.0,6.6,11.933333333333335,6,4.6,1.4000000000000004
13097,3,20,7,1.3846153846153846,2.1538461538461537,1.0,1.6666666666666667,1.6,3.633333333333333,2,1.8,0.19999999999999996
6367,1,10,8,1.0,0.75,2.0,2.0,2.6,3.5666666666666664,2,2.3,0.2999999999999998
13131,2,20,2,1.5833333333333333,0.8333333333333334,2.0,3.333333333333333,6.0,5.7333333333333325,2,3.2,1.2000000000000002
6669,1,15,7,0.6,2.0,5.0,2.333333333333333,1.6,2.9333333333333336,1,1.7,0.7
19842,2,12,17,1.2727272727272727,2.090909090909091,1.0,1.0,1.0,0.3999999999999997,1,2.1,1.1
3772,2,1,3,2.333333333333333,0.5833333333333334,6.0,4.0,6.0,9.866666666666662,5,3.9,1.1
17397,3,7,20,2.0,1.5384615384615383,1.0,3.6666666666666665,3.0,4.166666666666667,1,5.9,4.9
2726,1,13,6,0.6,0.2,9.0,4.333333333333333,3.4,3.1333333333333333,2,2.2,0.20000000000000018
3095,1,15,1,1.5,2.5,7.0,4.666666666666667,0.0,5.666666666666668,1,4.3,3.3
21005,1,12,4,1.6666666666666667,1.3333333333333333,0.0,0.0,0.0,0.0,4,0.5,3.5
4801,2,18,5,1.1538461538461535,1.0833333333333333,1.0,1.3333333333333333,1.2,1.6333333333333335,2,1.0,1.0
4448,1,14,8,1.0,1.4285714285714286,1.0,1.0,0.0,1.8666666666666665,1,1.3,0.30000000000000004
7554,3,9,15,1.6428571428571428,1.6428571428571428,2.0,5.333333333333333,5.0,6.500000000000003,12,7.4,4.6
16636,2,8,11,1.3076923076923077,2.25,2.0,2.0,2.6,6.866666666666667,2,3.1,1.1
1345,1,7,13,1.3333333333333333,1.1428571428571428,1.0,3.333333333333333,2.6,2.5000000000000013,8,5.2,2.8
20937,1,12,6,1.0,1.0,13.0,0.0,0.0,0.0,2,-4.7,6.7
3446,2,4,6,2.7,1.0,12.0,8.333333333333334,7.8,10.866666666666662,11,7.9,3.0999999999999996
2358,1,18,2,0.3333333333333333,1.6666666666666667,1.0,1.0,2.6,3.0666666666666664,1,0.8,0.19999999999999996
6824,1,15,4,1.0,1.0,0.0,0.0,0.0,0.0,2,-0.1,2.1
3762,1,1,6,4.0,2.0,7.0,8.666666666666666,11.0,11.1,8,11.7,3.6999999999999993
13103,3,20,13,1.2352941176470589,1.9411764705882355,1.0,3.333333333333333,2.6,3.9666666666666672,7,4.2,2.8
6675,2,18,3,1.1428571428571428,0.75,1.0,1.0,1.0,0.8666666666666664,1,0.3,0.7
11573,2,7,10,1.4444444444444444,1.0,2.0,1.3333333333333333,1.2,1.4333333333333342,1,1.7,0.7
1400,2,7,9,0.75,1.375,1.0,1.0,2.4,1.6333333333333326,1,1.6,0.6000000000000001
20966,3,9,15,1.7058823529411764,1.9411764705882355,6.0,4.666666666666667,3.2,6.900000000000001,1,5.1,4.1
17349,2,15,13,0.625,0.8571428571428571,1.0,2.6666666666666665,0.0,5.233333333333333,2,3.0,1.0
2760,2,17,3,0.8461538461538461,1.6923076923076923,2.0,2.0,1.8,1.566666666666665,2,1.8,0.19999999999999996
16638,3,8,14,1.3571428571428572,1.9230769230769231,1.0,1.6666666666666667,1.8,5.300000000000002,2,2.8,0.7999999999999998
6867,1,12,10,1.25,0.75,1.0,1.0,1.0,0.4666666666666666,1,1.4,0.3999999999999999
7925,1,7,20,1.6666666666666667,2.0,2.0,5.333333333333333,0.0,8.366666666666667,7,8.2,1.1999999999999993
730,1,19,16,1.0,1.3333333333333333,1.0,1.0,0.0,2.1666666666666665,1,1.3,0.30000000000000004
7286,2,7,5,1.7,1.2,2.0,1.6666666666666667,1.8,2.3666666666666654,1,2.1,1.1
16614,1,9,5,2.0,1.0,8.0,0.0,0.0,0.0,2,-2.3,4.3
20939,1,13,5,0.75,1.25,2.0,1.6666666666666667,0.0,2.5666666666666664,1,1.6,0.6000000000000001
5358,3,7,1,2.2222222222222223,1.2777777777777777,1.0,1.0,0.0,0.9333333333333336,1,1.3,0.30000000000000004
12427,2,9,6,1.2727272727272727,1.0909090909090908,11.0,6.333333333333332,6.2,10.966666666666667,2,4.7,2.7
3110,2,8,4,1.6363636363636365,0.3636363636363637,2.0,1.3333333333333333,4.2,2.266666666666666,1,1.1,0.10000000000000009
2410,3,9,10,0.6428571428571429,1.8571428571428568,2.0,2.0,1.6,1.5666666666666689,2,2.4,0.3999999999999999
1773,1,14,12,2.0,0.5,2.0,3.333333333333333,0.0,5.633333333333333,6,4.0,2.0
7026,2,15,1,0.9,0.5,5.0,3.0,3.2,2.066666666666664,2,1.5,0.5
4152,2,2,9,2.4545454545454546,1.3636363636363635,2.0,1.6666666666666667,2.0,7.199999999999998,1,2.8,1.7999999999999998
17718,1,16,18,1.25,2.0,1.0,1.3333333333333333,1.6,1.0,1,2.6,1.6
14929,2,4,13,1.8,1.8,4.0,7.333333333333332,5.2,11.999999999999998,16,9.8,6.199999999999999
20486,3,19,1,0.6111111111111112,1.0588235294117647,1.0,0.6666666666666666,0.8,0.16666666666666674,0,-0.5,0.5
2738,2,11,8,0.7272727272727273,1.2727272727272727,2.0,1.3333333333333333,5.2,1.2000000000000004,1,1.4,0.3999999999999999
17401,3,7,3,1.2,0.8,10.0,5.333333333333333,3.6,4.766666666666667,1,3.4,2.4
5468,2,19,17,0.625,1.25,2.0,2.333333333333333,2.2,2.466666666666668,4,2.5,1.5
1397,1,7,4,0.7142857142857143,1.7142857142857142,7.0,3.333333333333333,2.6,5.933333333333333,2,2.6,0.6000000000000001
5102,3,18,9,0.8461538461538461,1.4615384615384617,1.0,1.0,1.2,1.3999999999999992,1,0.6,0.4
8078,1,4,7,3.0,1.75,1.0,1.0,1.0,2.3666666666666667,1,2.7,1.7000000000000002
21019,2,19,7,1.3,2.0,2.0,2.0,2.6,4.299999999999999,2,2.1,0.10000000000000009
8865,1,5,16,2.0,1.0,0.0,0.0,0.0,0.0,9,1.4,7.6
6932,3,9,15,1.7058823529411764,1.9411764705882355,5.0,2.6666666666666665,2.4,5.833333333333335,2,2.7,0.7000000000000002
3084,3,8,1,1.4285714285714286,0.7142857142857143,6.0,6.0,5.8,7.233333333333332,5,5.6,0.5999999999999996
11561,1,14,15,1.6666666666666667,2.0,1.0,0.6666666666666666,1.2,4.166666666666667,0,1.7,1.7
13098,3,20,3,1.3571428571428572,1.2857142857142858,2.0,1.6666666666666667,1.6,3.3000000000000003,2,0.8,1.2
13128,2,18,2,1.5,1.5454545454545454,7.0,7.333333333333332,5.6,8.933333333333335,13,7.1,5.9
738,2,14,2,0.6666666666666666,1.4444444444444444,1.0,1.0,1.2,0.26666666666666644,1,0.8,0.19999999999999996
3628,2,18,7,1.181818181818182,1.9090909090909087,1.0,0.0,0.0,0.0,2,-0.2,2.2
6384,2,20,1,0.5384615384615384,0.6923076923076923,9.0,5.333333333333333,5.2,6.533333333333334,2,2.8,0.7999999999999998
1766,1,6,12,2.0,1.5,-1.0,0.3333333333333333,0.0,1.3666666666666665,1,2.2,1.2000000000000002
4748,1,9,20,0.5,2.0,1.0,1.0,0.0,2.5,1,2.4,1.4
4140,1,2,3,2.6,0.6,7.0,3.333333333333333,4.2,2.9666666666666663,2,3.0,1.0
5324,1,8,12,0.0,0.0,0.0,0.0,0.0,0.0,1,-0.1,1.1
4395,1,17,2,0.0,0.0,2.0,0.0,0.0,0.0,1,-1.9,2.9
6096,2,10,7,1.4166666666666667,1.1666666666666667,4.0,1.3333333333333333,1.6,5.099999999999998,2,0.6,1.4
14924,2,5,20,2.0,2.5714285714285716,2.0,9.333333333333334,9.0,12.433333333333332,13,14.2,1.1999999999999993
22829,3,18,11,1.4117647058823528,2.25,1.0,2.6666666666666665,2.8,4.266666666666667,5,3.6,1.4
4402,1,11,17,1.1666666666666667,1.3333333333333333,1.0,1.3333333333333333,1.2,5.833333333333332,2,2.3,0.2999999999999998
1846,1,20,1,3.0,3.0,0.0,0.0,0.0,0.0,4,1.1,2.9
4175,2,2,7,1.2,1.7,2.0,4.0,3.8,6.400000000000001,2,5.8,3.8
7633,3,15,9,0.6428571428571429,1.2857142857142858,0.0,0.0,0.0,0.0,2,-0.3,2.3
2483,3,15,2,1.4666666666666666,0.8571428571428571,1.0,1.0,1.8,2.2666666666666675,1,0.4,0.6
17722,1,15,3,1.0,0.6666666666666666,5.0,3.0,2.4,7.366666666666667,2,1.8,0.19999999999999996
8090,2,2,18,2.0,0.8,1.0,2.333333333333333,4.0,1.2333333333333327,1,4.3,3.3
10804,1,17,10,1.25,1.75,2.0,1.3333333333333333,0.0,3.0666666666666664,1,1.5,0.5
6923,3,15,5,1.4615384615384617,1.6428571428571428,1.0,1.3333333333333333,1.4,2.2000000000000006,2,1.4,0.6000000000000001
20940,1,12,11,1.6,1.2,1.0,2.6666666666666665,4.6,3.733333333333333,5,4.1,0.9000000000000004
1063,2,16,3,1.0,0.75,2.0,3.6666666666666665,2.8,6.033333333333336,1,3.6,2.6
8083,1,2,20,3.1666666666666665,2.0,1.0,3.0,2.2,2.766666666666666,7,6.4,0.5999999999999996
3596,3,1,11,1.2142857142857142,2.142857142857143,6.0,5.666666666666668,5.0,9.966666666666667,9,6.7,2.3
5073,1,14,12,1.3333333333333333,1.6666666666666667,1.0,3.333333333333333,5.6,6.333333333333332,2,5.0,3.0
4771,1,10,13,1.0,1.4,1.0,1.0,1.0,1.5666666666666669,1,1.9,0.8999999999999999
6989,1,20,7,1.0,1.0,2.0,0.0,0.0,0.0,13,-1.0,14.0
3093,1,13,5,3.0,3.0,0.0,0.0,0.0,0.0,6,1.7,4.3
10045,2,6,16,1.5833333333333333,1.5833333333333333,2.0,2.6666666666666665,2.6,4.733333333333332,2,4.2,2.2
4421,1,14,20,1.5,3.333333333333333,2.0,3.0,0.0,4.933333333333334,5,5.3,0.2999999999999998
755,3,9,18,1.3846153846153846,2.4615384615384617,1.0,3.333333333333333,2.4,3.4,8,5.5,2.5
6840,2,15,11,0.8888888888888888,1.6666666666666667,2.0,5.666666666666668,4.0,9.5,-2,7.2,9.2
10079,2,6,9,1.4545454545454546,1.7272727272727273,7.0,5.666666666666668,7.4,9.100000000000003,2,6.1,4.1
20444,3,13,10,1.5,1.5,1.0,2.0,1.8,4.233333333333333,5,2.5,2.5
6844,2,3,15,1.625,1.75,1.0,3.6666666666666665,5.6,8.700000000000001,8,6.2,1.7999999999999998
6858,3,9,15,1.7058823529411764,1.9411764705882355,9.0,6.333333333333332,6.6,6.233333333333337,8,6.4,1.5999999999999996
5066,1,12,1,1.5,1.5,2.0,3.0,0.0,3.8333333333333335,5,3.6,1.4
20342,3,5,4,2.230769230769231,0.7692307692307693,4.0,2.0,2.4,2.633333333333334,1,1.6,0.6000000000000001
5418,1,17,5,0.6,0.8,1.0,1.0,0.0,0.20000000000000004,1,0.6,0.4
15763,1,14,4,2.0,2.0,2.0,0.0,0.0,0.0,2,0.0,2.0
1348,2,7,9,1.75,1.125,0.0,0.6666666666666666,2.2,1.4666666666666677,1,1.7,0.7
19824,1,12,1,1.0,0.5,1.0,0.0,0.0,0.0,1,-0.7,1.7
18544,2,20,4,1.2727272727272727,1.2727272727272727,1.0,1.3333333333333333,2.2,4.233333333333333,2,1.0,1.0
6085,1,5,3,1.0,2.0,2.0,4.0,0.0,5.433333333333333,2,5.6,3.5999999999999996
10062,1,7,9,1.6666666666666667,0.6666666666666666,5.0,4.0,6.8,11.366666666666665,5,4.2,0.7999999999999998
8096,3,5,15,1.7142857142857142,1.5384615384615383,1.0,1.0,1.2,0.3666666666666658,1,2.1,1.1
20958,3,15,19,1.5714285714285714,1.7857142857142858,1.0,3.6666666666666665,2.8,3.9333333333333336,1,5.3,4.3
4144,2,2,8,2.8571428571428568,2.142857142857143,2.0,2.6666666666666665,2.4,4.733333333333332,1,4.7,3.7
390,1,5,14,2.75,1.5,13.0,5.666666666666668,4.8,8.799999999999997,2,4.6,2.5999999999999996
5078,2,15,6,1.125,0.75,7.0,3.6666666666666665,3.0,5.4,2,2.0,0.0
15756,3,10,18,1.4705882352941178,2.0588235294117645,1.0,4.666666666666667,3.8,6.199999999999991,2,7.1,5.1
16631,2,8,9,1.1,2.4,2.0,1.3333333333333333,4.6,4.833333333333336,1,2.2,1.2000000000000002
15771,1,7,18,1.6,0.6,2.0,1.6666666666666667,1.8,6.3,2,2.5,0.5
6937,1,9,14,1.0,1.0,1.0,1.3333333333333333,0.0,2.7,1,2.2,1.2000000000000002
18816,3,18,10,0.8823529411764706,0.6470588235294118,1.0,1.0,1.0,1.5666666666666662,1,0.3,0.7
5429,1,15,10,0.0,0.5,6.0,3.333333333333333,0.0,5.1000000000000005,2,1.8,0.19999999999999996
4760,2,17,14,1.1666666666666667,1.3636363636363635,2.0,3.0,2.2,6.6000000000000005,6,3.5,2.5
3127,2,13,11,1.0,2.090909090909091,1.0,3.0,2.2,3.1,7,4.4,2.5999999999999996
7503,1,19,13,0.5714285714285714,1.1428571428571428,1.0,1.0,1.6,3.4,1,1.0,0.0
6925,3,15,12,0.7857142857142857,2.2,2.0,2.0,1.6,3.3000000000000007,2,2.3,0.2999999999999998
2373,2,9,19,0.7,1.4,1.0,3.0,3.0,5.033333333333332,2,4.6,2.5999999999999996
5402,1,5,14,0.6666666666666666,0.0,0.0,0.0,0.0,0.0,1,0.4,0.6
9981,3,5,16,1.8,1.1176470588235294,0.0,2.333333333333333,3.0,8.166666666666666,5,4.0,1.0
6091,2,8,6,1.25,1.0,5.0,2.6666666666666665,3.2,4.999999999999999,2,2.0,0.0
6848,2,2,15,1.9090909090909087,2.4545454545454546,6.0,3.0,3.8,7.866666666666666,2,3.8,1.7999999999999998
1394,1,7,9,0.4,1.0,1.0,1.3333333333333333,1.2,1.6,2,1.9,0.10000000000000009
5385,2,18,5,1.6666666666666667,1.5384615384615383,1.0,2.333333333333333,0.0,2.766666666666666,5,2.7,2.3
19528,3,13,20,0.8823529411764706,0.8823529411764706,1.0,1.0,1.0,2.466666666666667,1,1.2,0.19999999999999996
3122,1,11,1,0.6666666666666666,0.5,4.0,2.0,1.6,1.1666666666666667,1,0.9,0.09999999999999998
13136,3,20,13,1.2666666666666666,1.3333333333333333,2.0,2.0,4.2,2.4666666666666663,2,1.8,0.19999999999999996
5408,1,4,6,2.0,0.6666666666666666,1.0,1.0,1.0,1.366666666666667,1,1.8,0.8
21224,2,18,6,1.2222222222222223,0.8888888888888888,2.0,2.0,2.0,5.900000000000002,2,1.4,0.6000000000000001
13129,2,19,9,1.7272727272727273,2.363636363636364,13.0,8.666666666666666,6.6,11.433333333333335,6,7.4,1.4000000000000004
1353,2,7,11,0.7272727272727273,1.0909090909090908,0.0,0.6666666666666666,0.8,0.8666666666666677,1,1.4,0.3999999999999999
3758,1,2,8,3.0,4.0,1.0,4.0,0.0,9.4,9,7.9,1.0999999999999996
22750,3,10,8,1.5,1.8666666666666667,2.0,5.0,3.8,8.766666666666667,11,6.5,4.5
12479,3,13,8,0.9444444444444444,2.176470588235294,2.0,4.0,2.8,6.2666666666666675,2,5.0,3.0
4466,1,11,12,1.4,0.6,0.0,0.0,0.0,0.0,1,0.5,0.5
18547,2,17,3,1.0833333333333333,1.25,2.0,5.333333333333333,3.8,6.666666666666668,1,6.1,5.1
21236,3,20,11,1.2,1.3125,1.0,1.0,1.4,1.3000000000000036,1,0.6,0.4
6080,3,18,20,1.7222222222222223,1.3529411764705883,1.0,1.3333333333333333,3.8,3.566666666666667,2,1.9,0.10000000000000009
6354,2,17,18,1.0,1.625,6.0,3.0,2.2,6.033333333333332,2,2.3,0.2999999999999998
13100,3,20,12,1.2857142857142858,0.7333333333333333,1.0,1.6666666666666667,1.6,5.266666666666668,2,1.2,0.8
3604,3,1,19,2.176470588235294,1.5555555555555556,1.0,7.666666666666668,6.4,14.466666666666667,6,11.6,5.6
2701,1,2,19,3.0,3.0,0.0,0.0,0.0,0.0,4,3.1,0.8999999999999999
15760,3,16,7,0.9444444444444444,2.0,1.0,1.6666666666666667,1.8,3.46666666666666,2,1.9,0.10000000000000009
1776,1,13,11,1.25,0.75,2.0,3.6666666666666665,3.8,5.233333333333333,8,4.6,3.4000000000000004
19823,1,10,20,2.0,0.0,0.0,0.0,0.0,0.0,1,0.8,0.19999999999999996
5470,2,20,9,0.5555555555555556,1.4444444444444444,1.0,2.333333333333333,2.0,3.300000000000001,2,2.5,0.5
3467,3,20,4,0.5,0.7142857142857143,2.0,1.3333333333333333,2.4,1.5666666666666669,1,-0.1,1.1
7935,2,16,6,1.5,1.25,6.0,6.666666666666668,6.4,8.566666666666668,2,6.8,4.8
3580,1,2,7,1.6666666666666667,1.5,7.0,6.0,7.8,13.966666666666667,9,6.8,2.2
14923,1,5,1,1.4285714285714286,1.8571428571428568,13.0,7.666666666666668,7.6,7.566666666666666,2,6.7,4.7
18789,1,17,1,1.0,1.0,1.0,0.0,0.0,0.0,1,-0.7,1.7
17727,2,17,2,1.0,1.5555555555555556,2.0,5.333333333333333,4.0,6.133333333333334,2,6.2,4.2
6358,2,19,9,0.9,1.7,2.0,1.6666666666666667,1.6,1.666666666666666,1,1.5,0.5
22552,3,4,5,1.8,0.8666666666666667,1.0,4.666666666666667,5.2,7.533333333333334,0,6.3,6.3
1395,1,7,13,1.3333333333333333,1.1428571428571428,2.0,1.3333333333333333,1.2,1.633333333333333,1,2.1,1.1
3595,3,1,16,2.0769230769230766,2.230769230769231,2.0,5.333333333333333,4.4,7.2,6,8.4,2.4000000000000004
2473,2,12,4,0.3333333333333333,1.2,1.0,3.0,2.4,3.2666666666666675,4,3.5,0.5
2707,2,14,4,0.42857142857142855,0.5714285714285714,1.0,1.0,1.0,3.0,2,0.3,1.7
6827,1,16,6,1.0,1.0,8.0,5.333333333333333,0.0,8.133333333333335,6,4.0,2.0
3105,2,8,16,1.5,1.375,1.0,2.333333333333333,1.8,2.533333333333333,4,3.8,0.20000000000000018
3089,2,12,10,0.5,2.1,1.0,1.0,0.0,1.2666666666666668,1,1.5,0.5
20161,2,9,19,1.2727272727272727,0.7272727272727273,1.0,0.0,0.0,0.0,1,0.3,0.7
3081,2,7,10,1.5,1.5833333333333333,2.0,6.666666666666668,6.0,9.4,9,9.2,0.1999999999999993
1770,1,20,1,3.0,3.0,0.0,0.0,0.0,0.0,2,1.1,0.8999999999999999
2520,3,13,20,0.6,0.6666666666666666,2.0,5.333333333333333,4.0,7.399999999999999,2,6.5,4.5
13133,2,20,11,1.4615384615384617,1.6153846153846154,13.0,5.666666666666668,5.0,5.8,2,3.0,1.0
2057,1,20,9,0.0,0.0,1.0,1.3333333333333333,1.4,4.6,2,0.4,1.6
16628,2,7,18,0.625,2.25,2.0,7.0,6.4,9.033333333333337,17,10.2,6.800000000000001
22622,3,19,13,0.6470588235294118,1.3529411764705883,0.0,1.0,1.0,2.0333333333333328,1,1.0,0.0
1056,2,13,4,0.5555555555555556,0.6666666666666666,2.0,3.0,2.4,3.766666666666669,1,2.8,1.7999999999999998
1848,1,19,17,1.5,2.5,1.0,2.0,0.0,1.7666666666666666,1,3.5,2.5
18805,2,17,4,1.0909090909090908,0.8,1.0,1.0,1.6,0.7666666666666658,1,0.5,0.5
20482,3,19,12,0.9333333333333332,1.25,1.0,1.0,1.0,0.2666666666666667,1,0.7,0.30000000000000004
15744,2,14,11,1.5,1.8,2.0,4.0,3.0,6.299999999999998,2,5.3,3.3
13105,3,20,10,1.1666666666666667,1.8333333333333333,1.0,3.0,2.4,5.000000000000001,1,3.5,2.5
762,1,19,16,1.0,1.3333333333333333,2.0,2.0,2.0,4.866666666666666,2,2.3,0.2999999999999998
6832,1,12,10,2.0,2.0,10.0,0.0,0.0,0.0,2,-2.5,4.5
2481,3,12,4,0.6428571428571429,0.7857142857142857,5.0,2.333333333333333,1.8,1.800000000000001,1,0.7,0.30000000000000004
13074,1,16,15,1.0,2.5,2.0,0.0,0.0,0.0,2,0.4,1.6
4750,1,12,13,0.6666666666666666,1.75,1.0,2.333333333333333,1.8,5.9,5,3.5,1.5
4500,1,7,20,1.6666666666666667,2.0,2.0,1.6666666666666667,0.0,1.9666666666666663,1,3.4,2.4
4763,3,15,20,1.0,1.3846153846153846,2.0,1.6666666666666667,2.6,4.033333333333335,1,1.9,0.8999999999999999
7638,3,12,11,1.2307692307692308,1.5,1.0,0.0,0.0,0.0,1,-0.1,1.1
6825,1,15,13,0.0,0.0,2.0,0.0,0.0,0.0,2,-1.2,3.2
7350,2,2,8,2.8571428571428568,2.142857142857143,1.0,1.0,0.0,2.266666666666667,1,2.8,1.7999999999999998
6659,1,18,12,1.1666666666666667,1.5714285714285714,1.0,1.3333333333333333,0.6,1.8666666666666665,2,1.9,0.10000000000000009
22843,3,9,17,1.5,2.055555555555556,5.0,2.333333333333333,2.6,2.666666666666666,1,2.5,1.5
5307,2,7,18,1.2727272727272727,2.0,5.0,6.0,5.6,8.466666666666667,2,7.7,5.7
3433,1,8,7,2.0,2.333333333333333,2.0,5.333333333333333,6.0,9.199999999999998,2,8.0,6.0
22821,3,16,1,1.0769230769230769,1.0,1.0,0.0,0.0,0.0,1,-1.2,2.2
3592,2,1,4,1.1666666666666667,0.8181818181818182,6.0,2.6666666666666665,4.0,7.3,0,1.9,1.9
1385,3,11,12,1.2142857142857142,1.3076923076923077,1.0,1.0,2.0,0.5999999999999984,1,1.3,0.30000000000000004
6383,2,19,9,0.5833333333333334,1.3333333333333333,5.0,5.333333333333333,5.2,6.866666666666667,9,5.1,3.9000000000000004
18558,3,18,5,0.8888888888888888,0.7222222222222222,6.0,3.333333333333333,2.6,6.933333333333334,2,1.3,0.7
404,2,5,19,1.181818181818182,1.3636363636363635,8.0,5.0,3.6,7.800000000000002,2,5.0,3.0
3076,2,8,14,1.2222222222222223,1.4444444444444444,5.0,3.0,3.8,5.1000000000000005,2,3.1,1.1
4751,1,11,9,1.0,1.0,5.0,3.6666666666666665,2.6,6.7666666666666675,5,3.4,1.6
3468,2,4,10,1.75,2.125,0.0,0.0,0.0,0.0,1,1.5,0.5
20421,1,10,17,2.5,0.5,0.0,0.0,0.0,0.0,0,1.1,1.1
7552,2,9,8,1.5384615384615383,1.5384615384615383,7.0,3.6666666666666665,3.2,4.466666666666668,2,3.1,1.1
5474,3,16,7,0.7857142857142857,1.7857142857142858,1.0,1.0,1.4,2.633333333333334,1,0.8,0.19999999999999996
1075,1,9,2,0.7142857142857143,1.7142857142857142,1.0,3.6666666666666665,4.8,3.433333333333333,1,5.2,4.2
8875,1,3,15,2.0,0.8333333333333334,16.0,7.666666666666668,4.8,14.133333333333333,6,5.7,0.2999999999999998
2705,1,10,13,0.5,1.0,1.0,0.6666666666666666,1.4,0.9333333333333336,0,1.1,1.1
3111,2,8,11,1.4545454545454546,2.090909090909091,1.0,1.6666666666666667,1.4,2.7999999999999994,2,3.0,1.0
12457,2,11,2,1.0,1.5,4.0,2.6666666666666665,2.0,4.2,2,2.2,0.20000000000000018
7275,1,9,8,1.0,0.6666666666666666,2.0,4.333333333333333,0.0,3.766666666666666,2,5.4,3.4000000000000004
3479,2,5,16,2.142857142857143,2.0,1.0,2.333333333333333,1.8,3.1,5,4.5,0.5
10034,1,6,16,1.4285714285714286,1.8571428571428568,2.0,2.0,2.0,5.933333333333333,2,3.5,1.5
6924,3,15,19,1.5714285714285714,1.7857142857142858,2.0,1.6666666666666667,1.6,3.1666666666666674,2,2.2,0.20000000000000018
5462,1,15,14,0.8,1.6,13.0,5.666666666666668,5.4,7.033333333333335,2,3.5,1.5
2495,1,15,8,1.0,2.5,2.0,4.666666666666667,0.0,4.033333333333332,2,6.4,4.4
5433,1,13,12,0.75,1.0,2.0,3.0,2.6,3.9,5,3.7,1.2999999999999998
10761,1,6,18,0.0,2.0,1.0,0.0,0.0,0.0,1,1.0,0.0
3088,2,13,14,1.0,1.4444444444444444,1.0,1.0,0.0,0.3333333333333333,1,1.5,0.5
20961,3,11,20,1.625,1.5333333333333334,1.0,3.0,2.2,5.233333333333333,7,4.6,2.4000000000000004
4447,1,11,2,0.6666666666666666,0.6666666666666666,1.0,2.333333333333333,0.0,3.966666666666667,1,2.5,1.5
7148,2,10,1,1.5454545454545454,0.7272727272727273,1.0,1.0,0.0,0.16666666666666666,1,0.8,0.19999999999999996
5435,1,17,5,0.6,0.8,5.0,4.0,3.2,6.0,2,3.1,1.1
16617,1,10,18,1.0,2.0,1.0,4.333333333333333,4.6,5.033333333333334,10,7.0,3.0
7590,3,10,6,0.6923076923076923,1.0769230769230769,2.0,1.6666666666666667,0.0,1.8333333333333333,1,1.2,0.19999999999999996
17391,2,7,10,1.4,1.7,2.0,4.333333333333333,3.2,5.666666666666668,9,6.1,2.9000000000000004
1382,2,10,7,1.4166666666666667,1.1666666666666667,6.0,4.666666666666667,3.4,8.966666666666663,1,4.3,3.3
2460,1,14,3,1.0,1.0,2.0,1.6666666666666667,1.8,3.399999999999999,2,1.4,0.6000000000000001
7962,1,4,14,4.5,2.0,1.0,3.333333333333333,2.6,6.366666666666666,4,6.8,2.8
6334,2,17,5,0.4444444444444444,0.3333333333333333,2.0,2.0,2.8,4.233333333333333,2,1.0,1.0
4449,2,12,17,0.8571428571428571,1.7142857142857142,1.0,1.0,1.8,1.8666666666666665,1,1.8,0.8
6991,1,18,6,2.0,1.0,1.0,5.333333333333333,0.0,8.799999999999997,2,6.8,4.8
6346,1,3,13,1.0,1.0,0.0,0.0,0.0,0.0,3,1.1,1.9
3600,3,1,15,1.375,1.4375,2.0,3.6666666666666665,4.2,7.4333333333333345,8,5.4,2.5999999999999996
17713,1,6,18,0.0,2.0,9.0,0.0,0.0,0.0,10,-2.0,12.0
3101,1,12,14,1.3333333333333333,1.8333333333333333,1.0,3.6666666666666665,3.8,5.2,1,5.7,4.7
9983,3,6,5,1.6875,1.0,8.0,5.0,3.4,10.233333333333334,2,3.9,1.9
16605,3,12,14,0.9333333333333332,1.0625,2.0,2.0,1.6,2.1,2,2.1,0.10000000000000009
1372,1,8,14,2.142857142857143,1.1428571428571428,5.0,5.333333333333333,3.6,10.033333333333333,6,6.5,0.5
1909,3,14,8,1.3076923076923077,1.7142857142857142,1.0,1.0,2.4,2.0000000000000013,1,1.1,0.10000000000000009
21217,1,20,13,1.1666666666666667,1.0,1.0,4.0,0.0,3.6666666666666665,10,5.0,5.0
7973,2,2,9,2.0,2.1111111111111107,1.0,3.0,2.2,3.8333333333333326,4,5.3,1.2999999999999998
10860,3,18,9,0.6428571428571429,1.4285714285714286,2.0,1.6666666666666667,1.6,4.433333333333334,1,1.0,0.0
12444,1,17,1,1.0,1.0,2.0,0.0,0.0,0.0,2,-1.1,3.1
5450,2,19,6,0.7692307692307693,1.6153846153846154,2.0,6.0,5.4,7.733333333333337,8,7.2,0.7999999999999998
17400,3,7,18,2.2,1.933333333333333,5.0,5.333333333333333,5.2,5.800000000000002,10,6.9,3.0999999999999996
3455,3,3,13,2.2142857142857144,2.2857142857142856,12.0,7.333333333333332,6.4,10.366666666666664,8,7.1,0.9000000000000004
6106,2,10,20,1.2727272727272727,1.5454545454545454,1.0,1.3333333333333333,1.2,2.0333333333333337,2,2.6,0.6000000000000001
3059,1,13,5,3.0,3.0,0.0,0.0,0.0,0.0,13,1.7,11.3
4440,2,15,1,1.0,0.75,5.0,5.0,3.4,7.733333333333333,1,4.2,3.2
2477,2,12,10,0.4545454545454545,0.75,6.0,2.6666666666666665,2.6,2.9000000000000012,1,1.3,0.30000000000000004
7553,3,10,6,0.6923076923076923,1.0769230769230769,2.0,3.6666666666666665,3.4,4.466666666666669,2,4.0,2.0
13135,3,20,3,1.3571428571428572,1.2857142857142858,2.0,2.0,4.2,1.8666666666666665,2,1.4,0.6000000000000001
3115,3,8,17,1.4615384615384617,1.4615384615384617,1.0,1.3333333333333333,1.4,2.233333333333333,1,2.3,1.2999999999999998
6665,1,20,14,0.6666666666666666,1.0,4.0,1.6666666666666667,0.0,1.0,0,0.7,0.7
6948,2,16,18,0.8571428571428571,0.7142857142857143,1.0,1.0,2.6,1.5666666666666669,1,1.1,0.10000000000000009
16625,1,9,18,0.8571428571428571,2.0,9.0,4.333333333333333,3.4,7.166666666666668,2,3.9,1.9
5047,1,13,12,1.25,0.6666666666666666,0.0,2.333333333333333,3.0,3.3666666666666667,6,3.5,2.5
21096,3,8,17,1.2666666666666666,1.7142857142857142,1.0,1.0,1.0,0.4666666666666671,1,2.0,1.0
12456,2,9,15,1.2857142857142858,1.0,2.0,2.333333333333333,1.8,3.1,4,3.1,0.8999999999999999
6863,1,9,14,1.0,1.0,1.0,1.0,0.0,0.3666666666666667,1,1.8,0.8
21087,2,9,4,1.0,1.3333333333333333,1.0,1.0,1.0,0.20000000000000054,1,1.2,0.19999999999999996
3806,2,1,15,2.5,1.3,-1.0,0.6666666666666666,2.0,5.266666666666668,2,2.9,0.8999999999999999
2400,2,10,16,1.75,2.25,15.0,7.333333333333332,6.0,8.700000000000003,5,5.8,0.7999999999999998
5043,1,16,7,0.0,0.0,0.0,0.0,0.0,0.0,1,-0.8,1.8
366,3,5,2,1.8571428571428568,1.0,5.0,2.333333333333333,1.8,5.899999999999998,1,1.4,0.3999999999999999
10037,2,6,16,1.375,2.25,1.0,0.6666666666666666,1.2,0.2666666666666653,0,2.2,2.2
10847,2,13,19,1.1428571428571428,0.7142857142857143,0.0,0.6666666666666666,0.8,0.06666666666666611,1,1.3,0.30000000000000004
21240,3,20,10,1.1666666666666667,1.8333333333333333,2.0,2.0,1.8,3.9333333333333367,2,1.8,0.19999999999999996
776,2,12,11,0.75,1.4545454545454546,4.0,3.333333333333333,2.6,6.199999999999998,1,3.3,2.3
3442,2,4,12,2.5,1.5,2.0,6.666666666666668,6.0,8.966666666666663,13,9.8,3.1999999999999993
8967,3,4,17,1.9285714285714288,2.0,1.0,1.0,1.8,2.1333333333333315,1,2.6,1.6
1906,2,14,18,1.9166666666666667,1.9166666666666667,7.0,3.333333333333333,3.4,3.533333333333335,2,3.1,1.1
3445,2,4,16,2.6666666666666665,1.4444444444444444,2.0,5.0,6.0,6.93333333333333,12,7.8,4.2
10857,2,15,2,0.75,1.1666666666666667,2.0,3.0,2.6,6.333333333333332,1,2.8,1.7999999999999998
19158,3,18,2,1.6842105263157894,0.9444444444444444,1.0,1.3333333333333333,1.2,1.5666666666666669,2,0.7,1.3
5829,1,5,17,1.2857142857142858,1.2857142857142858,1.0,3.6666666666666665,5.8,9.333333333333334,8,6.0,2.0
3569,3,1,20,2.333333333333333,1.5555555555555556,5.0,6.0,4.0,6.733333333333333,12,8.1,3.9000000000000004
5447,2,20,5,0.5454545454545454,1.0909090909090908,7.0,3.6666666666666665,4.0,5.733333333333335,2,1.7,0.30000000000000004
21868,3,7,3,1.2,0.8,6.0,3.0,2.2,2.6,2,1.7,0.30000000000000004
1380,2,10,1,1.5454545454545454,0.7272727272727273,1.0,3.333333333333333,2.4,5.133333333333332,7,4.0,3.0
13127,2,18,11,1.3,1.2727272727272727,2.0,4.666666666666667,3.4,5.900000000000001,7,5.6,1.4000000000000004
7272,1,10,9,0.5,1.5,0.0,0.0,0.0,0.0,6,0.6,5.4
1060,2,12,16,0.4545454545454545,1.181818181818182,1.0,1.3333333333333333,1.0,0.3000000000000028,2,1.8,0.19999999999999996
884,2,4,9,2.1111111111111107,2.1111111111111107,1.0,3.0,2.8,5.433333333333331,7,5.2,1.7999999999999998
4791,1,13,7,0.8571428571428571,2.0,2.0,2.0,3.8,3.566666666666667,2,2.7,0.7000000000000002
2517,3,11,19,0.5,0.7692307692307693,2.0,1.6666666666666667,3.0,1.7999999999999992,2,1.7,0.30000000000000004
6835,1,14,8,0.8333333333333334,0.6666666666666666,1.0,3.333333333333333,2.6,2.533333333333333,5,4.1,0.9000000000000004
17366,3,13,20,0.8823529411764706,0.8823529411764706,2.0,4.333333333333333,4.0,5.133333333333336,5,5.4,0.40000000000000036
3085,3,8,19,1.4285714285714286,2.357142857142857,5.0,4.333333333333333,5.8,6.566666666666664,2,5.5,3.5
21007,1,15,7,1.5,2.0,4.0,0.0,0.0,0.0,2,-0.8,2.8
8079,1,3,13,2.75,2.0,1.0,1.0,1.0,1.3666666666666665,1,3.2,2.2
8899,3,3,11,2.0,1.8421052631578947,12.0,4.666666666666667,5.8,9.466666666666667,0,3.1,3.1
6083,1,4,13,2.0,1.3333333333333333,1.0,0.0,0.0,0.0,1,1.2,0.19999999999999996
11601,1,8,1,1.4,0.6,13.0,5.666666666666668,6.8,9.833333333333334,2,3.0,1.0
10839,1,16,2,1.6666666666666667,0.3333333333333333,2.0,2.0,0.0,2.5333333333333328,2,1.5,0.5
5321,3,7,17,1.0555555555555556,1.7777777777777777,2.0,2.0,5.0,4.833333333333335,2,3.0,1.0
22545,2,2,14,2.1538461538461537,1.3846153846153846,13.0,8.333333333333334,0.0,10.4,1,7.8,6.8
17348,2,17,3,1.125,0.5714285714285714,5.0,2.6666666666666665,0.0,2.9666666666666663,1,1.0,0.0
21098,3,8,6,1.375,1.6428571428571428,2.0,3.0,2.2,3.6,6,3.7,2.3
5296,1,7,2,1.1666666666666667,0.8333333333333334,12.0,6.333333333333332,7.0,9.766666666666667,2,4.4,2.4000000000000004
3108,2,8,2,1.3,1.0,1.0,6.0,4.6,7.933333333333333,1,7.9,6.9
14035,2,18,7,0.875,2.375,2.0,1.6666666666666667,1.6,1.9000000000000008,1,1.8,0.8
19136,2,19,5,1.5,0.875,1.0,1.0,0.0,0.3,1,0.5,0.5
7511,2,19,6,0.7692307692307693,1.6153846153846154,1.0,1.0,1.2,0.5333333333333335,1,0.8,0.19999999999999996
6055,1,18,10,1.1666666666666667,1.5,2.0,1.3333333333333333,1.4,4.033333333333334,1,1.3,0.30000000000000004
16601,3,10,2,1.0769230769230769,1.0769230769230769,1.0,1.0,1.2,0.6333333333333334,1,0.7,0.30000000000000004
12474,3,11,17,1.3529411764705883,2.0588235294117645,2.0,1.3333333333333333,1.2,1.8333333333333333,1,2.0,1.0
7959,1,11,7,1.6666666666666667,0.5,2.0,0.0,0.0,0.0,1,-0.5,1.5
8918,2,13,2,1.0,0.625,1.0,1.3333333333333333,3.8,2.233333333333333,1,1.0,0.0
4491,3,16,14,1.1764705882352942,1.2777777777777777,1.0,1.0,1.0,1.333333333333333,1,1.0,0.0
18794,1,19,6,0.8333333333333334,1.3333333333333333,1.0,1.6666666666666667,3.2,2.8666666666666667,2,1.8,0.19999999999999996
11580,2,13,9,1.3333333333333333,1.8333333333333333,7.0,4.0,3.0,4.333333333333333,1,3.4,2.4
3439,1,5,18,2.0,2.0,8.0,4.0,3.0,6.63333333333333,2,4.5,2.5
2507,2,13,15,0.14285714285714285,2.375,4.0,2.6666666666666665,2.0,5.133333333333332,2,2.8,0.7999999999999998
9955,1,6,12,2.333333333333333,3.0,1.0,1.0,2.4,3.7,1,3.3,2.3
14989,1,3,19,1.0,0.6666666666666666,1.0,1.3333333333333333,1.4,1.9000000000000004,1,2.7,1.7000000000000002
3788,3,8,1,1.4285714285714286,0.7142857142857143,5.0,2.333333333333333,1.8,3.1666666666666674,1,1.0,0.0
22749,3,12,20,1.4666666666666666,1.5,2.0,2.0,2.0,6.300000000000002,2,2.7,0.7000000000000002
4145,2,2,5,2.625,0.875,1.0,1.3333333333333333,2.2,2.8999999999999986,1,2.4,1.4
2696,2,7,11,0.7272727272727273,1.0909090909090908,1.0,0.0,0.0,0.0,1,0.1,0.9
6854,3,11,7,0.8666666666666667,2.1875,9.0,7.0,7.4,6.500000000000003,5,6.7,1.7000000000000002
17731,2,16,15,1.1,2.1,5.0,2.6666666666666665,4.4,4.133333333333334,2,2.5,0.5
6374,2,17,18,1.0,1.625,2.0,2.0,2.8,6.7333333333333325,2,2.4,0.3999999999999999
9982,3,5,18,1.3333333333333333,2.0,5.0,4.333333333333333,3.0,8.366666666666667,8,5.3,2.7
18548,2,15,17,1.3846153846153846,1.8461538461538465,1.0,1.6666666666666667,4.0,2.4,2,2.8,0.7999999999999998
1346,1,7,19,0.6666666666666666,0.8333333333333334,8.0,3.333333333333333,2.6,3.800000000000001,1,2.5,1.5
3552,2,1,3,1.9,1.1,1.0,1.0,1.0,5.181040781584063e-16,1,1.9,0.8999999999999999
2756,2,11,13,0.8,1.3636363636363635,2.0,5.333333333333333,3.8,6.533333333333332,1,7.0,6.0
2463,1,14,8,0.25,0.8,7.0,5.0,3.8,6.633333333333333,2,4.0,2.0
