,round,team_rank,opponent_team_rank,team_pot,opp_pot,concede_pot,opp_concede_pot,prev_points,form_points,long_form,ict_form,total_points,Predicted,Prediction_Error
21224,2,18,6,1.2222222222222223,1.5555555555555556,1.7777777777777777,0.8888888888888888,2.0,2.0,2.0,5.900000000000002,2,1.7,0.30000000000000004
8107,3,4,12,1.7368421052631582,1.1052631578947372,1.3157894736842106,1.9473684210526316,2.0,3.333333333333333,2.8,5.566666666666667,6,4.2,1.7999999999999998
3062,1,17,3,1.5,2.0,1.0,1.0,2.0,3.6666666666666665,0.0,5.166666666666667,7,4.4,2.5999999999999996
5292,1,5,8,1.25,1.5,1.75,0.75,2.0,7.333333333333332,8.2,10.033333333333337,8,8.4,0.40000000000000036
6880,2,15,16,0.8,1.1,2.1,1.4,1.0,1.3333333333333333,2.2,3.5,2,1.9,0.10000000000000009
2752,2,14,4,0.42857142857142855,2.8571428571428568,2.2857142857142856,0.5714285714285714,1.0,1.3333333333333333,1.2,3.166666666666666,2,0.9,1.1
21218,1,19,18,1.5,1.5,0.6666666666666666,0.6666666666666666,10.0,8.0,0.0,8.266666666666667,13,7.6,5.4
6333,2,17,19,0.5,0.625,1.25,1.25,2.0,2.0,2.6,5.2,2,2.3,0.2999999999999998
7943,2,19,20,1.0833333333333333,1.5,2.1666666666666665,1.5,6.0,3.333333333333333,2.6,9.233333333333336,2,2.3,0.2999999999999998
17743,3,19,6,0.9375,2.0,1.25,1.6875,1.0,5.0,3.6,8.566666666666668,8,5.4,2.5999999999999996
9972,2,6,19,1.4166666666666667,1.0833333333333333,0.8333333333333334,1.6666666666666667,8.0,3.0,3.2,4.166666666666667,0,2.1,2.1
8955,2,3,20,2.4444444444444446,1.2222222222222223,1.4444444444444444,1.7777777777777777,1.0,2.333333333333333,1.8,4.799999999999999,5,4.2,0.7999999999999998
2595,3,12,4,0.6428571428571429,2.5714285714285716,1.4285714285714286,0.7857142857142857,-1.0,3.0,3.8,3.3666666666666667,8,3.6,4.4
17351,2,11,19,1.0,1.5555555555555556,2.1111111111111107,2.0,2.0,4.0,3.6,9.166666666666666,8,4.7,3.3
16636,2,8,11,1.3076923076923077,1.1666666666666667,1.7692307692307692,2.25,2.0,2.0,2.6,6.866666666666667,2,2.3,0.2999999999999998
872,1,3,8,2.6666666666666665,1.0,2.333333333333333,1.3333333333333333,4.0,2.0,0.0,1.5333333333333332,1,2.8,1.7999999999999998
6901,1,16,6,1.0,4.0,2.5,1.0,2.0,1.6666666666666667,0.0,2.7000000000000006,1,1.7,0.7
3072,2,9,7,1.4285714285714286,1.8571428571428568,1.2857142857142858,1.0,5.0,5.0,5.0,3.399999999999999,8,4.9,3.0999999999999996
4447,1,11,2,0.6666666666666666,2.5,1.5,0.6666666666666666,1.0,2.333333333333333,0.0,3.966666666666667,1,2.6,1.6
22751,3,10,2,1.1333333333333333,2.4375,1.8666666666666667,1.125,11.0,5.0,3.8,9.366666666666667,2,1.4,0.6000000000000001
8896,3,4,5,1.8,1.8,1.2666666666666666,0.8666666666666667,6.0,5.666666666666668,6.4,11.633333333333338,2,4.2,2.2
7958,1,11,8,2.0,1.0,2.5,0.5,0.0,0.0,0.0,0.0,2,1.2,0.8
2472,2,11,18,1.7272727272727273,1.3,1.2727272727272727,1.8,4.0,2.0,1.8,1.5666666666666675,1,2.6,1.6
11557,1,10,13,0.0,1.0,2.0,1.0,0.0,0.0,0.0,0.0,2,0.8,1.2
1349,2,6,15,0.7777777777777778,1.0,1.8888888888888888,2.333333333333333,1.0,0.6666666666666666,2.2,0.30000000000000115,1,1.7,0.7
365,3,4,20,1.7142857142857142,0.5,0.7142857142857143,1.5714285714285714,1.0,2.333333333333333,2.0,5.599999999999998,5,3.6,1.4
7508,2,20,9,0.5555555555555556,1.8888888888888888,1.2222222222222223,1.4444444444444444,2.0,4.0,4.0,3.266666666666667,1,4.5,3.5
2485,3,12,19,0.5625,0.9333333333333332,1.25,1.2,2.0,1.3333333333333333,1.2,2.566666666666668,1,1.5,0.5
22752,3,10,18,1.4705882352941178,0.8823529411764706,0.6470588235294118,2.0588235294117645,2.0,5.0,3.8,6.5,2,6.4,4.4
3787,3,8,17,1.4615384615384617,0.6923076923076923,1.1538461538461535,1.4615384615384617,1.0,2.333333333333333,1.8,3.066666666666667,5,3.5,1.5
14985,1,12,8,1.0,0.0,0.0,2.0,0.0,0.0,0.0,0.0,1,1.5,0.5
17361,3,11,14,0.8571428571428571,1.8571428571428568,1.8571428571428568,1.4285714285714286,2.0,3.0,4.6,4.100000000000003,2,3.2,1.2000000000000002
4796,2,12,3,0.625,1.5555555555555556,1.25,0.7777777777777778,1.0,1.3333333333333333,1.2,0.3666666666666672,2,1.5,0.5
2510,2,11,18,1.7272727272727273,1.3,1.2727272727272727,1.8,7.0,8.666666666666666,6.4,8.933333333333332,17,9.2,7.800000000000001
2357,1,16,5,0.5,2.5,1.5,0.0,1.0,2.333333333333333,0.0,4.2,1,2.4,1.4
3803,2,1,19,3.5,0.6666666666666666,0.75,2.333333333333333,5.0,4.0,5.0,7.400000000000002,3,5.2,2.2
7016,1,7,20,1.4,0.0,0.8,2.4,2.0,3.6666666666666665,3.0,4.099999999999997,1,5.8,4.8
16642,3,8,5,0.6428571428571429,1.3333333333333333,1.8571428571428568,0.7333333333333333,1.0,1.0,1.4,0.4666666666666687,1,0.9,0.09999999999999998
15749,2,13,6,1.3076923076923077,1.4615384615384617,1.7692307692307692,0.7692307692307693,7.0,6.0,5.6,8.366666666666662,2,4.7,2.7
7959,1,11,7,1.6666666666666667,1.0,2.0,0.5,2.0,0.0,0.0,0.0,1,0.3,0.7
6849,2,3,6,1.8181818181818181,2.4545454545454546,0.8181818181818182,1.0909090909090908,2.0,3.333333333333333,2.6,8.933333333333332,2,3.5,1.5
352,1,3,3,1.3333333333333333,1.3333333333333333,1.0,1.0,1.0,1.0,1.8,1.9333333333333331,1,1.6,0.6000000000000001
2474,2,10,13,1.6666666666666667,1.2727272727272727,1.1666666666666667,1.8181818181818181,4.0,2.0,2.2,2.833333333333334,1,2.2,1.2000000000000002
9982,3,5,18,1.3333333333333333,0.8888888888888888,0.7222222222222222,2.0,5.0,4.333333333333333,3.0,8.366666666666667,8,4.2,3.8
376,2,5,11,1.125,1.2222222222222223,1.625,1.1111111111111112,1.0,1.0,1.2,1.4,1,1.7,0.7
16623,1,11,14,0.8333333333333334,1.5,2.0,0.8333333333333334,2.0,2.0,2.0,4.366666666666668,2,2.4,0.3999999999999999
8945,1,1,6,2.5,1.5,0.5,0.75,1.0,4.0,5.2,10.533333333333333,1,5.0,4.0
17385,2,8,6,1.2857142857142858,1.2857142857142858,2.2857142857142856,1.2857142857142858,1.0,1.0,1.0,1.8999999999999997,1,1.5,0.5
8957,2,4,12,1.9,0.3333333333333333,1.2,1.1111111111111112,1.0,2.333333333333333,1.8,5.3666666666666645,1,3.5,2.5
6891,3,11,7,0.8666666666666667,2.3125,2.0,2.1875,2.0,1.3333333333333333,2.2,4.4,1,0.9,0.09999999999999998
1394,1,7,9,0.4,0.6,2.0,1.0,1.0,1.3333333333333333,1.2,1.6,2,2.0,0.0
6840,2,15,11,0.8888888888888888,1.2222222222222223,2.333333333333333,1.6666666666666667,2.0,5.666666666666668,4.0,9.5,-2,6.3,8.3
5291,1,5,15,1.6666666666666667,1.6666666666666667,0.6666666666666666,1.6666666666666667,12.0,10.333333333333334,6.8,14.366666666666667,2,9.1,7.1
5835,2,5,7,1.8,1.7,1.2,1.3,1.0,6.666666666666668,6.8,15.133333333333335,17,7.4,9.6
354,1,4,14,1.0,0.25,1.0,1.5,1.0,1.0,1.0,1.4333333333333331,1,2.3,1.2999999999999998
1772,2,3,9,1.8,1.7,0.7,1.3,1.0,1.0,3.2,0.4666666666666668,1,2.0,1.0
2512,2,10,13,1.6666666666666667,1.2727272727272727,1.1666666666666667,1.8181818181818181,1.0,6.666666666666668,5.8,7.099999999999999,2,8.8,6.800000000000001
15011,3,2,7,2.357142857142857,1.2142857142857142,1.1428571428571428,1.5714285714285714,1.0,1.0,1.0,0.033333333333334436,1,2.1,1.1
5317,3,7,11,2.3125,0.8666666666666667,2.1875,2.0,2.0,5.666666666666668,9.0,7.766666666666668,13,6.8,6.2
1373,2,8,2,1.2857142857142858,2.8571428571428568,2.142857142857143,0.5714285714285714,6.0,4.333333333333333,3.8,8.766666666666666,2,2.6,0.6000000000000001
8870,1,1,17,3.0,1.0,1.0,2.0,2.0,9.333333333333334,0.0,13.066666666666668,13,12.8,0.1999999999999993
6838,1,4,6,1.6,2.0,1.2,1.4,1.0,6.333333333333332,5.2,8.133333333333335,1,8.0,7.0
388,1,12,3,0.0,1.3333333333333333,1.6666666666666667,1.0,6.0,3.0,3.4,3.966666666666667,2,1.4,0.6000000000000001
20453,3,16,7,0.9444444444444444,2.1578947368421053,1.8888888888888888,2.0,2.0,1.6666666666666667,1.4,5.900000000000001,2,1.2,0.8
20242,3,18,2,1.375,1.6666666666666667,2.0,0.8666666666666667,1.0,1.0,1.0,2.5,1,0.7,0.30000000000000004
14021,1,12,3,0.0,2.0,2.0,2.0,2.0,0.0,0.0,0.0,2,-0.2,2.2
19517,2,10,16,0.5454545454545454,1.0909090909090908,2.0,1.2727272727272727,1.0,2.333333333333333,1.8,2.833333333333333,5,3.3,1.7000000000000002
7349,1,2,9,1.1428571428571428,0.7142857142857143,1.7142857142857142,1.0,1.0,0.0,0.0,0.0,1,0.8,0.19999999999999996
7501,1,18,15,0.5,1.6666666666666667,0.25,1.0,4.0,2.0,0.0,1.7,1,2.1,1.1
3061,1,15,1,1.5,0.0,3.0,2.5,2.0,5.666666666666668,0.0,7.666666666666668,2,7.2,5.2
6837,2,16,18,0.8571428571428571,1.4285714285714286,2.5714285714285716,0.7142857142857143,1.0,2.6666666666666665,2.6,1.3666666666666665,2,3.8,1.7999999999999998
4789,1,10,13,1.0,0.6,1.1666666666666667,1.4,12.0,5.0,3.4,5.7666666666666675,2,2.8,0.7999999999999998
17718,1,16,18,1.25,0.75,1.0,2.0,1.0,1.3333333333333333,1.6,1.0,1,3.1,2.1
21866,3,7,8,2.0714285714285716,0.6923076923076923,2.2142857142857144,2.0,1.0,1.0,1.0,0.33333333333333354,1,2.1,1.1
6924,3,15,19,1.5714285714285714,1.0,1.5,1.7857142857142858,2.0,1.6666666666666667,1.6,3.1666666666666674,2,2.4,0.3999999999999999
402,2,6,4,2.5,2.7,1.0,2.0,2.0,2.6666666666666665,3.2,5.500000000000001,5,3.4,1.6
18555,3,18,14,0.9375,1.25,2.125,2.0625,2.0,1.3333333333333333,4.8,1.6999999999999986,1,1.4,0.3999999999999999
11571,2,10,16,1.875,1.0,2.5,1.25,1.0,1.0,1.0,0.8333333333333339,1,2.3,1.2999999999999998
2399,2,13,18,1.7142857142857142,0.625,1.7142857142857142,2.375,2.0,6.333333333333332,6.8,9.500000000000002,15,8.1,6.9
13104,3,20,19,1.125,0.6470588235294118,1.4375,1.4705882352941178,7.0,3.0,2.6,3.166666666666668,1,2.0,1.0
21873,3,7,1,2.2222222222222223,1.3888888888888888,2.1111111111111107,1.2777777777777777,1.0,1.0,2.2,0.7000000000000001,1,1.4,0.3999999999999999
1377,2,10,11,1.2222222222222223,0.7777777777777778,2.2222222222222223,2.1111111111111107,1.0,1.0,1.2,0.2999999999999985,1,2.1,1.1
3481,2,4,10,1.75,0.75,0.375,2.125,1.0,2.6666666666666665,2.0,4.666666666666667,2,4.1,2.0999999999999996
3125,2,15,10,0.9,1.3,1.3,2.1,1.0,1.0,1.6,0.43333333333333335,1,1.9,0.8999999999999999
16619,1,9,20,0.75,1.5,2.0,0.75,8.0,6.666666666666668,4.6,8.433333333333334,2,6.0,4.0
14932,2,3,5,1.8181818181818181,1.9090909090909087,0.9090909090909092,1.2727272727272727,17.0,8.0,8.8,11.199999999999998,5,3.6,1.4
7994,3,4,19,2.3684210526315788,0.5789473684210527,0.8421052631578947,1.631578947368421,7.0,4.333333333333333,3.0,7.233333333333333,5,4.0,1.0
20337,2,4,20,2.4545454545454546,1.2727272727272727,1.2727272727272727,2.272727272727273,5.0,2.6666666666666665,2.0,4.633333333333334,1,3.4,2.4
10067,1,8,14,1.6,0.25,0.8,1.0,2.0,1.6666666666666667,1.6,13.300000000000002,2,1.5,0.5
4778,2,11,8,1.2,1.7777777777777777,1.4,1.5555555555555556,7.0,5.0,5.8,7.7,1,3.7,2.7
1773,1,14,12,2.0,1.5,2.5,0.5,2.0,3.333333333333333,0.0,5.633333333333333,6,4.4,1.5999999999999996
16598,2,9,7,1.25,1.25,1.6666666666666667,1.75,2.0,1.3333333333333333,1.4,2.6333333333333333,1,1.6,0.6000000000000001
17373,1,5,20,2.0,0.0,1.0,0.0,5.0,0.0,0.0,0.0,2,0.1,1.9
4415,2,14,7,0.8461538461538461,0.6923076923076923,1.1538461538461535,1.8461538461538465,1.0,1.3333333333333333,1.4,1.6666666666666636,1,2.0,1.0
14034,2,18,20,1.625,1.125,2.25,2.0,2.0,2.0,1.6,2.533333333333334,2,3.3,1.2999999999999998
2065,2,14,8,0.3333333333333333,1.2222222222222223,1.4444444444444444,1.3333333333333333,2.0,4.0,3.2,8.799999999999997,11,3.9,7.1
5466,1,19,13,0.5714285714285714,0.5714285714285714,1.4285714285714286,1.1428571428571428,2.0,1.6666666666666667,2.4,4.166666666666668,1,1.9,0.8999999999999999
2740,2,14,17,0.6666666666666666,1.25,2.083333333333333,1.6666666666666667,2.0,1.3333333333333333,1.4,0.30000000000000043,1,2.1,1.1
14025,1,17,1,1.0,3.0,2.0,1.0,2.0,1.3333333333333333,2.2,2.6333333333333324,1,1.0,0.0
2603,3,14,8,1.3888888888888888,0.6875,1.1666666666666667,1.875,9.0,5.0,3.6,6.566666666666666,4,3.3,0.7000000000000002
2734,2,11,10,0.7777777777777778,1.2222222222222223,2.1111111111111107,2.2222222222222223,5.0,6.333333333333332,4.4,4.766666666666667,13,6.8,6.2
5819,1,10,12,1.0,2.0,2.0,1.0,1.0,0.0,0.0,0.0,1,0.7,0.30000000000000004
6100,3,10,9,1.5,0.6428571428571429,1.8571428571428568,2.0714285714285716,2.0,5.666666666666668,4.2,7.866666666666664,9,6.6,2.4000000000000004
13136,3,20,13,1.2666666666666666,0.6,0.6666666666666666,1.3333333333333333,2.0,2.0,4.2,2.4666666666666663,2,2.3,0.2999999999999998
6657,1,18,5,1.2,2.0,2.0,2.6666666666666665,-2.0,0.0,0.6,3.1,1,1.6,0.6000000000000001
10847,2,13,19,1.1428571428571428,1.4285714285714286,1.5714285714285714,0.7142857142857143,0.0,0.6666666666666666,0.8,0.06666666666666611,1,2.0,1.0
3110,2,8,4,1.6363636363636365,1.9090909090909087,1.6363636363636365,0.3636363636363637,2.0,1.3333333333333333,4.2,2.266666666666666,1,1.1,0.10000000000000009
4147,2,2,14,1.0,0.6666666666666666,1.4444444444444444,1.2222222222222223,6.0,2.6666666666666665,2.2,3.0333333333333328,1,2.1,1.1
21867,3,7,18,2.2,0.9333333333333332,2.2,1.933333333333333,1.0,2.6666666666666665,2.0,2.2,6,4.5,1.5
17735,2,15,2,0.75,2.1666666666666665,1.1666666666666667,1.1666666666666667,7.0,3.6666666666666665,3.0,7.966666666666666,2,1.5,0.5
5053,2,13,20,1.25,0.5,1.875,1.0,2.0,2.6666666666666665,3.0,4.533333333333335,5,3.5,1.5
6840,1,4,2,1.5,1.1666666666666667,1.0,2.0,5.0,4.666666666666667,6.4,8.066666666666668,8,4.3,3.7
1792,2,14,18,1.9166666666666667,1.5833333333333333,1.3333333333333333,1.9166666666666667,2.0,1.3333333333333333,2.4,1.466666666666666,1,2.5,1.5
6065,2,18,11,1.6363636363636365,1.181818181818182,0.8181818181818182,1.5454545454545454,1.0,5.333333333333333,3.6,7.0,13,6.9,6.1
8967,3,4,17,1.9285714285714288,0.9375,1.2142857142857142,2.0,1.0,1.0,1.8,2.1333333333333315,1,2.2,1.2000000000000002
15747,2,13,3,1.4166666666666667,2.0,1.75,1.25,9.0,6.333333333333332,4.6,7.799999999999998,9,4.6,4.4
2518,3,12,16,0.6153846153846154,1.5,1.3846153846153846,2.0714285714285716,2.0,5.333333333333333,3.8,6.433333333333333,12,6.3,5.7
6049,1,12,4,1.6666666666666667,2.333333333333333,0.6666666666666666,1.3333333333333333,2.0,2.0,3.4,3.100000000000001,2,2.5,0.5
3770,2,1,17,2.272727272727273,1.2727272727272727,0.4545454545454545,1.6363636363636365,2.0,6.333333333333332,5.2,9.799999999999997,1,8.2,7.199999999999999
5405,1,3,9,1.4,1.6,0.8,3.0,1.0,0.6666666666666666,0.0,0.36666666666666653,1,2.3,1.2999999999999998
6850,3,15,19,1.5714285714285714,1.0,1.5,1.7857142857142858,13.0,6.666666666666668,4.8,8.76666666666667,5,4.2,0.7999999999999998
1084,2,16,19,0.4166666666666667,1.0,1.25,1.25,0.0,0.0,0.0,0.0,1,1.1,0.10000000000000009
6864,1,16,6,1.0,4.0,2.5,1.0,1.0,1.0,0.0,0.6333333333333334,1,1.4,0.3999999999999999
2505,2,15,9,0.16666666666666666,1.2857142857142858,1.0,1.7142857142857142,1.0,1.3333333333333333,1.6,3.3333333333333326,2,1.5,0.5
5080,2,17,15,1.1111111111111112,0.9,2.0,2.1,2.0,2.0,3.0,3.6999999999999993,2,2.7,0.7000000000000002
5397,3,18,20,1.7222222222222223,1.1764705882352942,0.8888888888888888,1.3529411764705883,2.0,0.6666666666666666,1.0,4.900000000000002,2,0.9,1.1
2367,2,13,18,1.7142857142857142,0.625,1.7142857142857142,2.375,5.0,2.6666666666666665,3.0,3.5666666666666633,2,3.0,1.0
7974,2,2,13,3.125,1.0,0.625,2.1111111111111107,4.0,3.6666666666666665,3.2,3.7666666666666657,6,5.1,0.9000000000000004
17440,3,15,5,0.8125,2.066666666666667,1.9375,1.1333333333333333,8.0,3.6666666666666665,0.0,2.333333333333333,1,1.8,0.8
4437,2,16,12,0.8181818181818182,0.4545454545454545,1.181818181818182,1.181818181818182,1.0,1.3333333333333333,0.8,1.8666666666666683,1,2.1,1.1
3553,2,1,15,1.181818181818182,1.4545454545454546,1.4545454545454546,1.4545454545454546,1.0,1.0,1.0,5.181040781584063e-16,1,2.2,1.2000000000000002
1364,1,11,1,1.0,3.333333333333333,3.0,0.3333333333333333,2.0,2.0,2.2,1.8333333333333337,2,1.8,0.19999999999999996
5824,1,3,11,3.0,0.5,0.5,1.25,13.0,9.333333333333334,8.6,11.833333333333336,13,8.0,5.0
4777,2,11,5,1.2222222222222223,1.125,1.1111111111111112,1.625,7.0,5.0,5.8,5.433333333333334,7,4.0,3.0
15854,2,13,4,1.3,1.8,1.8,0.8,1.0,1.3333333333333333,0.0,0.5666666666666668,1,1.8,0.8
12432,3,9,18,1.2857142857142858,0.6428571428571429,1.4285714285714286,1.2142857142857142,1.0,2.6666666666666665,3.6,4.700000000000003,5,3.6,1.4
14020,1,6,18,1.0,0.0,0.0,1.0,0.0,0.0,0.0,0.0,2,1.7,0.30000000000000004
5841,3,5,3,1.7692307692307692,2.0769230769230766,1.1538461538461535,0.6923076923076923,2.0,4.666666666666667,5.6,12.33333333333333,4,4.1,0.09999999999999964
13123,2,20,18,1.125,1.625,2.0,2.25,9.0,4.333333333333333,7.2,5.333333333333333,2,2.9,0.8999999999999999
5303,2,7,16,1.2222222222222223,1.6666666666666667,2.0,1.2222222222222223,2.0,4.0,5.0,5.299999999999999,8,4.9,3.0999999999999996
6329,1,17,3,1.0,2.333333333333333,1.6666666666666667,0.6666666666666666,1.0,1.0,1.4,2.4666666666666663,1,1.1,0.10000000000000009
3120,1,10,5,0.3333333333333333,2.0,0.6666666666666666,3.333333333333333,1.0,1.0,1.0,0.9,1,2.0,1.0
22955,3,16,5,1.3529411764705883,1.8,1.1176470588235294,0.8666666666666667,1.0,1.0,0.0,0.26666666666666666,1,1.3,0.30000000000000004
728,1,16,4,0.0,2.0,2.0,0.0,2.0,0.0,0.0,0.0,1,-0.8,1.8
4759,2,13,3,0.7,1.181818181818182,1.5,1.4545454545454546,1.0,1.3333333333333333,1.4,4.200000000000001,2,1.3,0.7
8877,1,3,13,2.4285714285714284,1.375,1.0,1.25,2.0,6.666666666666668,7.4,16.099999999999998,12,7.8,4.2
5412,2,5,7,1.8,1.7,1.2,1.3,1.0,1.0,1.0,1.1000000000000003,1,1.9,0.8999999999999999
6860,3,12,9,1.6666666666666667,1.1578947368421053,1.2222222222222223,1.7894736842105263,2.0,6.333333333333332,6.0,9.900000000000002,9,7.1,1.9000000000000004
4442,3,16,14,1.0,1.2307692307692308,1.6153846153846154,1.4615384615384617,2.0,2.6666666666666665,4.4,4.6,5,2.8,2.2
7931,1,16,3,1.3333333333333333,2.5,2.1666666666666665,1.0,6.0,3.333333333333333,2.2,8.766666666666666,2,1.8,0.19999999999999996
3778,1,17,3,1.5,2.0,1.0,1.0,1.0,0.0,0.0,0.0,1,0.5,0.5
14030,1,19,6,0.8333333333333334,1.3333333333333333,2.0,1.3333333333333333,2.0,1.6666666666666667,2.2,3.3000000000000003,1,1.8,0.8
6096,2,19,13,1.4285714285714286,1.1428571428571428,0.7142857142857143,1.5714285714285714,0.0,1.0,1.2,2.699999999999999,2,2.2,0.20000000000000018
3123,1,14,18,1.0,1.1666666666666667,1.1428571428571428,1.8333333333333333,1.0,2.0,1.6,1.1666666666666667,1,3.8,2.8
12424,2,14,1,1.1,1.0,2.2,1.6,2.0,4.333333333333333,3.0,4.933333333333334,10,4.8,5.2
11583,3,10,2,1.2666666666666666,2.333333333333333,1.6,1.2,1.0,2.333333333333333,3.0,3.8333333333333335,1,2.3,1.2999999999999998
6348,1,12,7,0.6666666666666666,3.0,1.6666666666666667,1.0,1.0,2.0,0.0,2.833333333333333,2,2.6,0.6000000000000001
6046,1,3,12,2.0,0.0,2.0,2.0,5.0,0.0,0.0,0.0,6,0.2,5.8
5421,2,20,13,0.5,1.25,1.0,1.875,1.0,1.0,1.0,0.9666666666666668,1,1.7,0.7
2704,1,6,15,0.6666666666666666,1.3333333333333333,0.3333333333333333,2.333333333333333,1.0,1.0,0.0,0.3000000000000001,1,2.6,1.6
10074,2,6,8,1.4444444444444444,0.5555555555555556,1.1111111111111112,2.1111111111111107,11.0,8.333333333333334,8.2,10.633333333333333,12,6.6,5.4
12460,2,13,2,1.0,3.125,2.1111111111111107,0.625,2.0,1.6666666666666667,2.2,3.8666666666666667,2,1.0,1.0
16577,1,17,5,1.0,2.0,4.0,1.0,2.0,0.0,0.0,0.0,1,-0.1,1.1
3483,2,4,16,2.6666666666666665,1.0,1.8888888888888888,1.4444444444444444,1.0,1.3333333333333333,2.0,3.6999999999999993,1,2.8,1.7999999999999998
4785,1,9,20,0.5,0.0,0.0,2.0,2.0,1.6666666666666667,2.8,1.2333333333333336,1,3.0,2.0
13118,1,20,2,1.6,2.4,0.6,1.2,2.0,3.6666666666666665,5.2,4.6000000000000005,7,4.2,2.8
7505,2,20,13,0.5,1.25,1.0,1.875,2.0,3.0,2.2,4.966666666666666,6,3.5,2.5
15851,2,11,4,1.5,1.875,0.75,1.25,1.0,0.0,0.0,0.0,2,0.4,1.6
3799,1,1,6,4.0,1.1666666666666667,0.6666666666666666,2.0,1.0,2.333333333333333,5.0,5.8000000000000025,5,4.3,0.7000000000000002
2516,2,12,1,1.5714285714285714,1.1538461538461535,1.0714285714285714,1.3846153846153846,1.0,1.6666666666666667,3.0,5.133333333333332,2,1.8,0.19999999999999996
10079,2,6,9,1.4545454545454546,1.2727272727272727,1.0909090909090908,1.7272727272727273,7.0,5.666666666666668,7.4,9.100000000000003,2,4.7,2.7
21345,1,11,9,1.0,2.0,1.0,3.0,0.0,0.0,0.0,0.0,1,1.6,0.6000000000000001
7640,3,19,8,0.8571428571428571,1.4285714285714286,2.357142857142857,1.1428571428571428,0.0,0.0,0.0,0.0,1,0.3,0.7
926,2,4,1,2.333333333333333,2.0,1.4166666666666667,1.0,1.0,1.0,0.0,0.9333333333333332,1,1.8,0.8
8888,2,3,17,1.9166666666666667,1.0833333333333333,1.25,2.1666666666666665,1.0,1.3333333333333333,2.6,3.6,1,2.8,1.7999999999999998
10804,1,17,10,1.25,1.5,2.25,1.75,2.0,1.3333333333333333,0.0,3.0666666666666664,1,2.0,1.0
10087,3,5,20,1.7857142857142858,1.1875,0.9285714285714286,0.8125,7.0,6.0,5.8,11.8,12,5.0,7.0
4772,1,13,7,0.8571428571428571,1.3333333333333333,1.1428571428571428,2.0,1.0,1.0,1.0,1.0333333333333334,1,1.9,0.8999999999999999
3461,1,10,2,0.75,0.25,1.5,1.75,2.0,2.333333333333333,2.8,3.4333333333333336,1,2.7,1.7000000000000002
2056,1,20,7,0.0,0.5,1.0,1.5,1.0,1.0,0.0,3.0666666666666664,1,1.3,0.30000000000000004
10036,2,6,5,1.375,1.25,0.75,0.625,1.0,1.3333333333333333,1.6,1.566666666666665,1,1.8,0.8
8103,3,3,8,1.6470588235294117,1.2222222222222223,1.4705882352941178,1.6111111111111112,2.0,3.6666666666666665,3.4,5.666666666666668,2,4.2,2.2
20342,3,5,4,2.230769230769231,2.6153846153846154,1.5384615384615383,0.7692307692307693,4.0,2.0,2.4,2.633333333333334,1,1.4,0.3999999999999999
3097,1,17,5,1.6666666666666667,2.0,1.6666666666666667,3.333333333333333,0.0,2.333333333333333,4.0,4.1,6,4.0,2.0
5832,2,6,15,1.75,1.125,0.75,2.5,2.0,6.666666666666668,5.8,10.733333333333334,12,8.4,3.5999999999999996
6878,2,16,7,1.6666666666666667,1.2222222222222223,1.2222222222222223,2.0,6.0,2.6666666666666665,2.0,5.1,1,1.8,0.8
2597,3,15,2,1.4666666666666666,1.5714285714285714,1.1333333333333333,0.8571428571428571,2.0,3.6666666666666665,2.4,7.466666666666668,1,3.4,2.4
2071,2,13,12,0.6153846153846154,1.1666666666666667,1.5384615384615383,1.4166666666666667,5.0,6.0,5.0,8.366666666666665,8,5.7,2.3
4177,2,2,18,1.1666666666666667,0.8333333333333334,1.5,2.5,1.0,2.6666666666666665,3.6,4.400000000000001,5,4.2,0.7999999999999998
17734,2,15,8,1.0833333333333333,0.6363636363636364,1.25,1.9090909090909087,2.0,3.6666666666666665,3.6,6.9,7,4.1,2.9000000000000004
6663,1,20,1,0.0,4.0,4.0,3.0,0.0,0.0,0.0,0.0,1,0.4,0.6
7030,2,14,7,0.8461538461538461,0.6923076923076923,1.1538461538461535,1.8461538461538465,2.0,3.0,2.6,3.8333333333333313,0,3.5,3.5
4793,2,11,14,0.7142857142857143,1.125,1.2857142857142858,1.125,1.0,1.3333333333333333,1.6,0.6000000000000005,1,2.2,1.2000000000000002
16644,3,8,9,1.2941176470588236,1.25,1.6470588235294117,1.5625,1.0,1.3333333333333333,1.2,4.900000000000002,2,1.5,0.5
3759,1,1,11,3.333333333333333,1.0,0.3333333333333333,3.0,9.0,10.0,8.2,15.0,20,10.6,9.4
3780,1,17,5,1.6666666666666667,2.0,1.6666666666666667,3.333333333333333,2.0,1.3333333333333333,0.0,1.9333333333333331,1,2.5,1.5
9950,1,1,20,3.0,3.0,3.0,4.0,0.0,0.0,0.0,0.0,7,3.1,3.9
1366,1,8,10,2.0,1.0,0.75,0.75,8.0,3.6666666666666665,3.0,3.466666666666667,1,2.9,1.9
398,2,5,2,2.625,2.625,0.875,0.875,5.0,4.333333333333333,4.4,13.4,6,3.1,2.9
1341,1,10,9,0.5,1.0,1.5,1.5,2.0,5.333333333333333,0.0,6.233333333333333,1,6.6,5.6
15734,1,7,18,1.6,1.6,0.6,0.6,2.0,2.0,3.4,3.6999999999999984,2,2.9,0.8999999999999999
1848,1,19,17,1.5,0.5,0.5,2.5,1.0,2.0,0.0,1.7666666666666666,1,4.2,3.2
931,3,5,15,2.066666666666667,0.8125,1.1333333333333333,1.9375,2.0,2.0,2.6,3.8666666666666667,2,2.9,0.8999999999999999
8090,2,2,18,2.0,1.5,1.5454545454545454,0.8,1.0,2.333333333333333,4.0,1.2333333333333327,1,3.9,2.9
8872,1,1,6,2.5,1.5,0.5,0.75,2.0,4.666666666666667,5.8,10.799999999999995,-1,5.4,6.4
17731,2,16,15,1.1,0.8,1.4,2.1,5.0,2.6666666666666665,4.4,4.133333333333334,2,2.4,0.3999999999999999
5065,1,14,11,1.0,0.0,0.0,1.0,2.0,0.0,0.0,0.0,2,0.6,1.4
5081,2,14,19,1.3,0.5,1.9,1.3,2.0,1.6666666666666667,2.8,4.4,1,2.3,1.2999999999999998
7021,2,12,17,0.8571428571428571,1.1428571428571428,1.5714285714285714,1.7142857142857142,2.0,2.0,2.0,4.699999999999997,2,2.5,0.5
22949,3,12,4,0.6428571428571429,2.5714285714285716,1.4285714285714286,0.7857142857142857,0.0,0.0,0.0,0.0,1,-0.1,1.1
894,3,6,4,2.0,2.1333333333333333,1.2142857142857142,1.3333333333333333,1.0,1.3333333333333333,2.2,1.5333333333333332,1,1.8,0.8
7024,2,18,5,0.7777777777777778,2.4444444444444446,1.6666666666666667,0.7777777777777778,1.0,3.0,2.6,3.0666666666666638,2,3.3,1.2999999999999998
6852,3,5,2,1.8571428571428568,2.5,1.0714285714285714,1.0,4.0,2.0,2.0,5.599999999999999,1,0.9,0.09999999999999998
2388,1,7,16,1.0,0.0,0.0,1.0,0.0,0.0,0.0,0.0,9,1.6,7.4
932,3,6,16,2.0,1.2,1.7333333333333334,1.7333333333333334,2.0,1.6666666666666667,2.6,2.7000000000000006,1,2.5,1.5
10066,1,7,4,1.0,1.8,1.4,1.0,1.0,1.3333333333333333,2.2,9.866666666666667,2,0.9,1.1
8954,2,3,4,1.8888888888888888,2.2222222222222223,1.2222222222222223,1.2222222222222223,1.0,1.0,2.4,1.3999999999999986,1,1.6,0.6000000000000001
3579,1,4,9,0.6,1.4,2.0,2.2,2.0,6.0,6.2,10.266666666666667,7,6.9,0.09999999999999964
6104,2,10,12,1.6,1.0,1.4,1.2,1.0,1.0,0.0,0.9000000000000004,1,2.1,1.1
18525,1,12,3,0.0,2.0,2.0,2.0,5.0,0.0,0.0,0.0,2,-1.3,3.3
3764,2,1,11,3.7142857142857135,0.6666666666666666,0.7142857142857143,1.3333333333333333,8.0,6.0,7.2,10.133333333333333,2,5.7,3.7
6380,2,19,5,0.9090909090909092,1.181818181818182,1.3636363636363635,1.4545454545454546,2.0,3.6666666666666665,2.6,5.466666666666668,8,3.9,4.1
879,1,4,12,2.142857142857143,1.0,1.5714285714285714,1.5714285714285714,7.0,4.0,5.0,5.533333333333331,4,3.7,0.2999999999999998
15730,1,11,13,1.6666666666666667,1.25,2.0,1.0,6.0,4.666666666666667,3.2,7.499999999999999,2,4.4,2.4000000000000004
3790,1,3,17,2.0,0.0,0.0,2.0,0.0,0.0,0.0,0.0,1,2.4,1.4
1069,1,18,9,0.0,2.0,2.0,0.0,1.0,0.0,0.0,0.0,1,-0.2,1.2
5472,2,20,4,0.5,1.9,1.6,0.3,2.0,1.6666666666666667,2.0,3.7000000000000006,1,0.9,0.09999999999999998
712,1,13,19,0.5714285714285714,0.5714285714285714,1.1428571428571428,1.4285714285714286,17.0,7.0,0.0,8.666666666666666,2,3.6,1.6
754,2,10,4,0.9230769230769232,1.6153846153846154,1.3846153846153846,0.7692307692307693,1.0,1.0,1.0,1.3,1,1.1,0.10000000000000009
7928,1,11,12,1.4,1.6,1.2,0.6,-1.0,2.0,3.0,8.9,2,3.0,1.0
6861,1,15,4,1.0,1.0,1.0,1.0,0.0,0.0,0.0,0.0,1,0.8,0.19999999999999996
12419,2,9,15,1.2857142857142858,0.16666666666666666,1.7142857142857142,1.0,1.0,1.0,1.0,3.3333333333333326,1,1.8,0.8
7973,2,2,9,2.0,1.2222222222222223,1.4,2.1111111111111107,1.0,3.0,2.2,3.8333333333333326,4,4.6,0.5999999999999996
4753,1,10,12,0.75,1.2,0.75,1.0,2.0,2.6666666666666665,2.8,2.800000000000001,1,3.4,2.4
2059,1,20,16,1.0,0.6666666666666666,1.8333333333333333,2.0,2.0,1.6666666666666667,1.4,3.3666666666666663,1,2.6,1.6
749,1,19,17,0.6,1.2,1.6,1.8,1.0,1.3333333333333333,1.2,0.3,2,2.7,0.7000000000000002
1370,1,9,15,2.0,1.3333333333333333,1.6666666666666667,2.0,1.0,2.333333333333333,2.0,3.466666666666667,5,4.2,0.7999999999999998
6350,1,15,1,1.2,2.8,1.2,0.6,1.0,1.3333333333333333,1.6,1.1999999999999995,1,1.6,0.6000000000000001
755,3,9,18,1.3846153846153846,0.8461538461538461,1.4615384615384617,2.4615384615384617,1.0,3.333333333333333,2.4,3.4,8,5.1,2.9000000000000004
5072,1,14,8,1.0,1.0,2.2,2.2,7.0,5.666666666666668,5.6,7.966666666666666,1,5.0,4.0
10034,1,6,16,1.4285714285714286,0.8571428571428571,0.8571428571428571,1.8571428571428568,2.0,2.0,2.0,5.933333333333333,2,3.0,1.0
6366,1,12,7,0.6666666666666666,3.0,1.6666666666666667,1.0,2.0,2.0,2.6,4.199999999999998,2,1.9,0.10000000000000009
17380,1,6,14,1.4,1.1666666666666667,1.2,1.0,1.0,1.0,1.2,0.13333333333333286,1,2.4,1.4
2471,2,14,15,1.5,0.8888888888888888,1.2,1.2222222222222223,1.0,2.333333333333333,1.8,2.200000000000001,4,3.7,0.2999999999999998
12474,3,11,17,1.3529411764705883,0.9411764705882352,1.4705882352941178,2.0588235294117645,2.0,1.3333333333333333,1.2,1.8333333333333333,1,2.1,1.1
19497,1,10,20,2.0,0.0,0.0,0.0,0.0,0.0,0.0,0.0,1,1.9,0.8999999999999999
5388,3,19,15,1.0,1.5714285714285714,1.7857142857142858,1.5,1.0,1.6666666666666667,2.2,4.833333333333333,2,1.9,0.10000000000000009
3071,1,12,18,1.2857142857142858,1.1666666666666667,1.5714285714285714,1.8333333333333333,2.0,3.0,3.8,3.4,5,4.4,0.5999999999999996
7547,2,10,4,0.75,1.75,2.125,0.375,10.0,6.666666666666668,5.2,6.400000000000001,1,4.3,3.3
1917,3,13,19,1.9411764705882355,0.6470588235294118,1.3529411764705883,1.4705882352941178,2.0,4.333333333333333,4.8,5.8,6,5.6,0.40000000000000036
18545,2,17,4,1.0909090909090908,2.8,2.1818181818181817,0.8,2.0,5.333333333333333,4.4,7.666666666666668,13,5.5,7.5
22746,3,12,9,1.3846153846153846,0.7692307692307693,0.7692307692307693,1.7692307692307692,2.0,5.0,0.0,6.733333333333333,2,6.0,4.0
9966,2,6,8,1.4444444444444444,0.5555555555555556,1.1111111111111112,2.1111111111111107,2.0,2.6666666666666665,3.6,7.7333333333333325,5,3.0,2.0
13114,1,20,7,1.6666666666666667,1.6666666666666667,2.0,0.6666666666666666,2.0,5.666666666666668,5.6,7.8000000000000025,13,6.5,6.5
2719,3,14,20,0.7142857142857143,1.0714285714285714,2.0,1.4285714285714286,1.0,2.6666666666666665,2.0,2.6333333333333337,5,3.7,1.2999999999999998
7511,2,19,6,0.7692307692307693,1.1538461538461535,1.3846153846153846,1.6153846153846154,1.0,1.0,1.2,0.5333333333333335,1,1.5,0.5
16606,3,13,3,1.25,1.6875,1.5,1.5625,2.0,2.0,1.8,3.966666666666667,2,1.7,0.30000000000000004
3756,1,5,8,1.0,1.0,1.0,1.0,9.0,0.0,0.0,0.0,2,-2.2,4.2
20163,2,9,7,1.25,1.25,1.6666666666666667,1.75,1.0,1.0,0.0,1.2666666666666668,1,1.8,0.8
5420,2,19,3,0.42857142857142855,1.4285714285714286,0.8571428571428571,0.8571428571428571,1.0,1.0,1.0,0.9666666666666668,1,0.9,0.09999999999999998
6327,1,15,1,1.2,2.8,1.2,0.6,2.0,1.6666666666666667,2.4,2.6,1,1.5,0.5
5446,2,20,10,0.6363636363636364,1.2727272727272727,1.5454545454545454,2.090909090909091,2.0,5.666666666666668,4.0,5.566666666666669,7,6.8,0.20000000000000018
4410,2,15,1,0.9,2.5,1.3,0.5,2.0,1.0,3.4,1.9666666666666641,0,0.2,0.2
6844,2,15,1,1.4545454545454546,1.181818181818182,1.4545454545454546,1.4545454545454546,-2.0,0.6666666666666666,4.2,4.466666666666668,2,1.5,0.5
1351,2,7,5,1.7,1.8,1.3,1.2,1.0,1.0,0.8,0.8000000000000012,1,1.7,0.7
7283,2,7,9,0.75,1.875,2.125,1.375,2.0,4.0,3.0,6.133333333333333,2,4.4,2.4000000000000004
5826,1,3,9,1.4,1.6,0.8,3.0,2.0,10.333333333333334,9.2,14.766666666666666,16,12.5,3.5
6834,1,14,11,1.5,0.8333333333333334,0.8333333333333334,2.0,4.0,2.0,2.0,2.233333333333333,1,2.5,1.5
6946,1,14,8,0.8333333333333334,1.5,2.833333333333333,0.6666666666666666,2.0,3.6666666666666665,4.2,4.566666666666666,1,4.0,3.0
4443,3,13,2,0.8571428571428571,1.0,1.0714285714285714,1.5,5.0,3.0,3.0,4.266666666666667,2,1.7,0.30000000000000004
2066,2,16,6,1.4,1.2,1.8,1.5,11.0,5.0,3.2,6.133333333333333,2,2.6,0.6000000000000001
4395,1,17,2,0.0,1.0,1.0,0.0,2.0,0.0,0.0,0.0,1,-0.7,1.7
11599,1,10,12,1.5,1.25,0.75,0.5,12.0,6.333333333333332,4.4,7.900000000000001,2,4.1,2.0999999999999996
6102,2,20,8,1.5,0.6,0.8,2.0,2.0,1.6666666666666667,1.6,1.4333333333333325,2,2.4,0.3999999999999999
3801,1,1,11,2.5714285714285716,0.8571428571428571,0.5714285714285714,1.1428571428571428,8.0,5.666666666666668,3.8,8.533333333333337,4,5.4,1.4000000000000004
3474,1,8,7,2.0,0.3333333333333333,0.3333333333333333,2.333333333333333,1.0,1.0,0.0,2.0000000000000004,1,2.6,1.6
18533,1,19,12,1.0,1.4,2.4,2.2,1.0,3.333333333333333,2.8,7.600000000000001,2,4.4,2.4000000000000004
10070,1,6,16,1.4285714285714286,0.8571428571428571,0.8571428571428571,1.8571428571428568,12.0,7.666666666666668,5.2,19.166666666666668,9,5.2,3.8
7208,1,20,2,0.0,2.75,2.75,0.75,0.0,0.0,0.0,0.0,1,-0.1,1.1
2602,3,14,16,0.6666666666666666,1.1764705882352942,1.2777777777777777,1.7647058823529411,2.0,4.333333333333333,3.0,4.066666666666666,9,5.2,3.8
17383,1,7,20,1.3333333333333333,1.0,2.1666666666666665,2.1666666666666665,1.0,1.0,1.0,0.0666666666666662,1,2.9,1.9
7541,1,16,6,0.75,0.75,1.25,1.25,11.0,0.0,0.0,0.0,2,-3.1,5.1
767,1,13,10,1.1666666666666667,0.5,1.0,1.8333333333333333,2.0,3.0,3.6,7.333333333333332,5,3.6,1.4
4766,1,7,20,1.5,1.0,1.0,3.5,1.0,0.0,0.0,0.0,7,2.2,4.8
784,1,19,11,0.0,3.5,2.0,1.5,2.0,1.6666666666666667,0.0,1.3333333333333333,2,1.9,0.10000000000000009
7009,1,17,2,0.0,1.0,1.0,0.0,0.0,0.0,0.0,0.0,0,-0.0,0.0
3429,1,9,10,3.0,3.0,3.0,3.0,0.0,0.0,0.0,0.0,12,2.3,9.7
899,3,6,2,1.8823529411764703,2.5,1.7058823529411764,1.0,1.0,1.3333333333333333,2.0,3.466666666666668,1,1.3,0.30000000000000004
2383,1,18,2,0.3333333333333333,0.0,2.333333333333333,1.6666666666666667,1.0,1.3333333333333333,0.0,1.8,1,1.8,0.8
19500,1,18,10,1.0,1.0,2.0,2.0,1.0,1.0,0.0,1.9,1,2.0,1.0
10062,1,7,9,1.6666666666666667,1.6666666666666667,2.333333333333333,0.6666666666666666,5.0,4.0,6.8,11.366666666666665,5,2.9,2.1
18540,2,19,14,0.7777777777777778,1.2222222222222223,2.333333333333333,1.5555555555555556,2.0,5.666666666666668,6.6,8.166666666666668,2,6.4,4.4
3758,1,2,8,3.0,1.5,0.5,4.0,1.0,4.0,0.0,9.4,9,6.6,2.4000000000000004
6955,2,15,1,1.4545454545454546,1.181818181818182,1.4545454545454546,1.4545454545454546,1.0,1.3333333333333333,1.2,1.6333333333333335,2,1.8,0.19999999999999996
2479,3,11,19,0.5,1.6153846153846154,1.25,0.7692307692307693,1.0,1.0,2.0,0.30000000000000104,1,1.5,0.5
1891,1,11,16,2.75,1.5,1.5,1.75,1.0,1.0,0.0,0.10000000000000002,1,3.3,2.3
4792,1,14,5,0.6,2.0,1.2,0.16666666666666666,2.0,1.6666666666666667,3.8,1.9000000000000004,1,1.4,0.3999999999999999
1063,2,16,3,1.0,2.0,1.5,0.75,2.0,3.6666666666666665,2.8,6.033333333333336,1,3.5,2.5
2073,3,15,9,0.6428571428571429,1.6428571428571428,1.6428571428571428,1.2857142857142858,5.0,6.0,5.6,9.8,5,5.0,0.0
3588,2,1,14,1.0,1.1,1.6,2.2,6.0,4.666666666666667,6.8,8.633333333333333,6,4.0,2.0
21238,3,20,13,1.2352941176470589,0.8823529411764706,0.8823529411764706,1.9411764705882355,2.0,1.6666666666666667,1.4,3.96666666666667,2,2.0,0.0
6050,1,14,4,1.6666666666666667,4.5,2.0,0.5,2.0,2.0,2.8,1.6666666666666676,2,2.2,0.20000000000000018
8867,1,1,12,2.5,1.0,0.5,1.0,13.0,8.0,0.0,12.066666666666668,2,6.4,4.4
4438,2,13,18,1.0,1.181818181818182,1.5454545454545454,1.8181818181818181,1.0,3.6666666666666665,2.8,3.0000000000000018,9,5.4,3.5999999999999996
4800,2,17,14,1.1666666666666667,0.5454545454545454,1.4166666666666667,1.3636363636363635,1.0,1.0,1.2,0.20000000000000065,1,2.1,1.1
3435,1,7,9,1.75,1.5,2.75,1.0,2.0,1.6666666666666667,3.8,5.133333333333331,1,1.9,0.8999999999999999
22755,3,15,9,1.0,1.7058823529411764,1.9411764705882355,1.2352941176470589,2.0,2.0,2.0,2.4,2,2.0,0.0
12462,2,11,14,1.3,1.5,1.8,0.8,4.0,2.333333333333333,2.0,3.933333333333333,1,2.1,1.1
1345,1,7,13,1.3333333333333333,0.8571428571428571,2.0,1.1428571428571428,1.0,3.333333333333333,2.6,2.5000000000000013,8,5.1,2.9000000000000004
22750,3,10,8,1.5,0.6,0.6875,1.8666666666666667,2.0,5.0,3.8,8.766666666666667,11,5.6,5.4
1374,2,8,6,1.25,1.75,2.0,1.0,2.0,3.0,3.8,5.166666666666665,1,3.1,2.1
6074,3,18,14,1.6666666666666667,0.8666666666666667,0.8,1.8666666666666667,2.0,3.0,2.2,3.1666666666666665,2,4.0,2.0
6654,1,18,4,2.0,2.6666666666666665,1.5,0.6666666666666666,2.0,1.6666666666666667,0.0,4.366666666666666,1,1.9,0.8999999999999999
5829,1,5,17,1.2857142857142858,0.5714285714285714,0.7142857142857143,1.2857142857142858,1.0,3.6666666666666665,5.8,9.333333333333334,8,4.8,3.2
7992,3,3,10,2.333333333333333,1.2222222222222223,0.8888888888888888,1.3888888888888888,1.0,1.0,1.0,2.833333333333334,1,1.9,0.8999999999999999
20474,2,15,8,1.0833333333333333,0.6363636363636364,1.25,1.9090909090909087,1.0,1.0,1.0,0.10000000000000002,1,1.9,0.8999999999999999
6836,1,3,16,2.6666666666666665,1.0,0.6666666666666666,2.0,1.0,8.0,7.6,12.333333333333336,17,10.8,6.199999999999999
20214,1,14,9,1.0,1.0,1.0,0.5,0.0,0.0,0.0,0.0,1,0.9,0.09999999999999998
14023,1,13,2,1.0,1.0,1.5,2.0,5.0,2.6666666666666665,0.0,5.233333333333333,1,2.1,1.1
7506,2,19,17,0.625,0.5,1.25,1.25,6.0,5.666666666666668,3.8,6.5,9,5.4,3.5999999999999996
5432,1,18,15,0.5,1.6666666666666667,0.25,1.0,2.0,2.0,2.8,1.8,2,2.6,0.6000000000000001
893,3,6,8,2.142857142857143,1.375,1.6428571428571428,1.6875,2.0,3.0,2.4,3.266666666666667,1,3.8,2.8
6095,1,18,9,1.0,0.8571428571428571,2.0,1.8571428571428568,1.0,0.6666666666666666,1.0,2.299999999999999,0,1.4,1.4
20429,1,8,14,1.5,0.8333333333333334,0.6666666666666666,2.833333333333333,0.0,0.0,0.0,0.0,1,2.1,1.1
7930,1,16,9,1.5,1.4285714285714286,1.5,1.1428571428571428,2.0,3.333333333333333,2.8,11.6,6,3.4,2.6
3760,1,1,20,3.6666666666666665,0.0,0.3333333333333333,2.333333333333333,20.0,13.333333333333336,8.6,19.53333333333333,11,10.9,0.09999999999999964
7961,1,6,5,1.75,0.3333333333333333,1.5,2.333333333333333,5.0,2.333333333333333,0.0,6.066666666666666,1,2.2,1.2000000000000002
17724,1,15,14,1.1428571428571428,1.5714285714285714,1.0,1.0,2.0,5.333333333333333,4.6,5.7666666666666675,12,6.7,5.3
2733,2,12,3,1.0,2.0,1.2222222222222223,0.7777777777777778,1.0,2.6666666666666665,2.2,3.2,5,3.0,2.0
6103,2,18,11,1.6363636363636365,1.181818181818182,0.8181818181818182,1.5454545454545454,2.0,2.0,1.6,2.7333333333333325,2,2.8,0.7999999999999998
11584,3,10,11,1.3076923076923077,1.2,2.3076923076923075,1.8,1.0,1.0,1.8,2.333333333333333,1,1.5,0.5
7605,2,8,9,1.4615384615384617,1.5384615384615383,1.5384615384615383,1.3076923076923077,0.0,0.0,0.0,0.0,1,1.0,0.0
2061,2,20,10,0.0,1.1428571428571428,1.8571428571428568,1.0,1.0,1.3333333333333333,1.6,2.566666666666666,2,1.3,0.7
21241,3,20,18,1.1764705882352942,1.7222222222222223,1.3529411764705883,0.8888888888888888,2.0,1.6666666666666667,1.8,4.933333333333337,1,1.6,0.6000000000000001
19531,3,12,2,1.1666666666666667,1.5294117647058822,1.8333333333333333,0.9411764705882352,2.0,2.0,1.6,5.3,2,1.3,0.7
7281,2,6,15,1.7142857142857142,1.1428571428571428,1.7142857142857142,1.1428571428571428,1.0,3.6666666666666665,3.8,4.033333333333333,8,5.2,2.8
6945,1,14,11,1.5,0.8333333333333334,0.8333333333333334,2.0,8.0,6.0,4.2,6.966666666666666,2,5.7,3.7
15849,2,11,7,1.4285714285714286,0.7142857142857143,0.7142857142857143,2.2857142857142856,0.0,0.0,0.0,0.0,1,1.3,0.30000000000000004
2593,3,11,19,0.5,1.6153846153846154,1.25,0.7692307692307693,2.0,3.0,3.0,4.466666666666667,-1,3.2,4.2
13115,1,20,9,1.5,0.75,0.75,2.0,13.0,5.666666666666668,5.6,7.200000000000002,2,3.2,1.2000000000000002
7628,3,6,5,1.0714285714285714,2.1538461538461537,1.5714285714285714,0.6153846153846154,6.0,0.0,0.0,0.0,2,-2.0,4.0
4440,2,15,1,1.0,3.5,1.6666666666666667,0.75,5.0,5.0,3.4,7.733333333333333,1,3.8,2.8
4131,1,1,20,4.0,0.0,3.0,4.0,0.0,0.0,0.0,0.0,5,3.8,1.2000000000000002
4134,1,1,12,3.5,1.5,1.5,1.0,6.0,5.0,0.0,9.8,7,5.6,1.4000000000000004
8875,1,3,15,2.0,1.0,0.6666666666666666,0.8333333333333334,16.0,7.666666666666668,4.8,14.133333333333333,6,4.2,1.7999999999999998
2355,1,8,5,1.0,1.0,1.0,1.0,5.0,0.0,0.0,0.0,5,-0.9,5.9
10050,3,6,7,1.3125,1.1875,0.75,1.625,2.0,2.0,1.4,8.1,2,1.7,0.30000000000000004
15755,3,10,2,1.1333333333333333,2.4375,1.8666666666666667,1.125,11.0,4.0,5.2,5.599999999999994,1,0.5,0.5
16646,3,8,11,1.1578947368421053,0.8888888888888888,1.5789473684210529,1.8333333333333333,1.0,1.6666666666666667,1.4,6.366666666666667,2,1.9,0.10000000000000009
5093,1,12,1,1.5,3.5,1.0,1.5,5.0,2.6666666666666665,0.0,2.733333333333333,1,2.2,1.2000000000000002
4420,1,17,2,0.0,1.0,1.0,0.0,2.0,0.0,0.0,0.0,2,-0.7,2.7
17725,2,13,19,1.1428571428571428,1.4285714285714286,1.5714285714285714,0.7142857142857143,12.0,5.333333333333333,4.6,7.233333333333333,2,2.8,0.7999999999999998
15726,1,14,4,2.0,0.0,2.0,2.0,5.0,0.0,0.0,0.0,1,-0.3,1.3
3469,2,4,16,2.6666666666666665,1.0,1.8888888888888888,1.4444444444444444,1.0,0.0,0.0,0.0,1,1.6,0.6000000000000001
3065,1,17,19,1.0,0.75,1.75,1.25,3.0,4.666666666666667,4.6,8.799999999999997,2,5.4,3.4000000000000004
7286,2,7,5,1.7,1.8,1.3,1.2,2.0,1.6666666666666667,1.8,2.3666666666666654,1,2.0,1.0
5396,3,17,9,0.8888888888888888,1.5,2.055555555555556,2.1875,-2.0,0.3333333333333333,1.8,2.8000000000000016,2,1.4,0.6000000000000001
20332,2,3,8,2.375,1.375,1.125,2.25,1.0,1.0,0.0,0.8999999999999999,1,2.6,1.6
3114,2,8,9,1.4615384615384617,1.5384615384615383,1.5384615384615383,1.3076923076923077,2.0,1.3333333333333333,1.4,4.6,1,1.5,0.5
20454,3,17,3,1.3157894736842106,2.263157894736842,0.8947368421052632,1.4210526315789471,2.0,2.0,1.6,6.400000000000001,2,1.4,0.6000000000000001
12427,2,9,6,1.2727272727272727,1.4545454545454546,1.7272727272727273,1.0909090909090908,11.0,6.333333333333332,6.2,10.966666666666667,2,3.5,1.5
5465,1,19,7,0.5,0.6666666666666666,0.8333333333333334,2.0,2.0,3.0,4.8,5.433333333333335,2,3.4,1.4
3075,2,8,11,1.7777777777777777,1.2,1.5555555555555556,1.4,2.0,3.0,4.4,4.1,5,3.8,1.2000000000000002
9985,3,6,14,1.368421052631579,1.368421052631579,0.6842105263157895,1.8421052631578947,6.0,3.333333333333333,4.6,8.300000000000002,2,2.2,0.20000000000000018
20358,1,15,20,0.6,1.4,2.0,1.8,2.0,1.6666666666666667,1.4,5.433333333333335,2,2.3,0.2999999999999998
1080,2,12,10,1.0,1.6,1.2,1.4,1.0,2.6666666666666665,2.0,3.766666666666667,5,3.5,1.5
1847,1,20,10,0.0,2.0,0.0,0.0,4.0,0.0,0.0,0.0,1,-1.1,2.1
22624,3,19,1,0.6111111111111112,2.176470588235294,1.5555555555555556,1.0588235294117647,1.0,1.0,1.0,1.7000000000000002,1,0.5,0.5
19498,1,12,1,1.0,2.5,1.0,0.5,1.0,0.0,0.0,0.0,1,0.1,0.9
4174,2,2,8,2.5,1.3,1.0,1.4,8.0,5.0,3.8,8.733333333333334,2,4.0,2.0
21223,2,18,12,1.3333333333333333,1.3333333333333333,0.7777777777777778,0.7777777777777778,2.0,2.0,4.2,9.26666666666667,2,1.5,0.5
1909,3,14,8,1.3076923076923077,1.3571428571428572,1.9230769230769231,1.7142857142857142,1.0,1.0,2.4,2.0000000000000013,1,1.3,0.30000000000000004
7963,1,4,17,1.8,1.0,1.4,2.0,4.0,2.0,2.4,2.366666666666666,1,2.9,1.9
21074,1,10,18,1.0,1.0,2.0,2.0,0.0,0.0,0.0,0.0,1,1.8,0.8
7614,3,16,7,1.0,1.4285714285714286,1.5384615384615383,1.2857142857142858,2.0,3.0,0.0,5.666666666666668,5,3.0,2.0
3533,1,3,17,1.0,2.0,3.0,1.0,0.0,0.0,0.0,0.0,4,1.3,2.7
6917,2,15,16,0.8,1.1,2.1,1.4,1.0,1.3333333333333333,1.0,1.8333333333333333,2,2.2,0.20000000000000018
7945,3,18,17,1.0769230769230769,0.6923076923076923,2.0,1.1538461538461535,2.0,2.0,2.8,8.466666666666667,2,1.7,0.30000000000000004
898,3,6,15,2.0,0.8823529411764706,1.0625,1.9411764705882355,2.0,1.3333333333333333,2.0,2.7666666666666675,1,2.1,1.1
3536,1,2,13,1.0,1.0,2.0,1.5,1.0,2.6666666666666665,0.0,2.766666666666667,1,4.3,3.3
17713,1,6,18,0.0,2.0,0.0,2.0,9.0,0.0,0.0,0.0,10,-1.9,11.9
20356,1,18,16,0.75,1.25,2.0,1.0,1.0,1.0,0.0,3.266666666666667,1,1.8,0.8
8866,1,1,17,4.0,1.0,1.0,4.0,9.0,0.0,0.0,0.0,13,0.4,12.6
8096,3,5,15,1.7142857142857142,1.4615384615384617,1.6428571428571428,1.5384615384615383,1.0,1.0,1.2,0.3666666666666658,1,2.1,1.1
11570,2,12,14,1.7142857142857142,1.5714285714285714,1.7142857142857142,2.2857142857142856,1.0,1.0,1.0,0.8666666666666671,1,2.4,1.4
6326,1,13,10,0.6,1.0,1.4,1.1666666666666667,2.0,3.333333333333333,2.4,3.8666666666666663,2,4.1,2.0999999999999996
4156,1,1,20,4.0,0.0,3.0,4.0,0.0,0.0,0.0,0.0,13,3.8,9.2
766,1,17,11,0.6666666666666666,1.1666666666666667,1.3333333333333333,0.8333333333333334,2.0,2.0,3.0,9.433333333333334,2,1.5,0.5
1775,1,15,5,1.6666666666666667,1.6666666666666667,1.6666666666666667,0.6666666666666666,1.0,3.0,2.6,5.3,2,3.8,1.7999999999999998
2054,1,19,6,0.0,1.0,1.0,0.0,2.0,0.0,0.0,0.0,1,-0.6,1.6
1894,1,13,20,2.0,1.1666666666666667,1.0,1.6666666666666667,1.0,1.0,1.0,4.133333333333334,1,2.6,1.6
5052,2,16,5,1.1428571428571428,2.142857142857143,2.0,2.2857142857142856,1.0,1.3333333333333333,2.2,2.3000000000000007,2,1.9,0.10000000000000009
3761,1,1,8,4.2,1.0,0.6,2.0,11.0,12.666666666666664,9.6,17.366666666666667,7,13.0,6.0
406,2,6,13,1.1666666666666667,1.3333333333333333,1.5,1.5,2.0,2.0,3.8,7.233333333333333,2,2.0,0.0
6661,2,17,18,1.0909090909090908,1.2,2.1818181818181817,1.6,4.0,2.333333333333333,1.8,3.533333333333333,1,2.4,1.4
5308,2,7,9,1.25,1.25,1.75,1.6666666666666667,2.0,3.0,4.4,4.1000000000000005,2,3.6,1.6
6090,2,8,2,1.2857142857142858,2.8571428571428568,2.142857142857143,0.5714285714285714,1.0,2.6666666666666665,3.2,5.033333333333332,5,2.7,2.3
722,2,12,11,0.75,1.181818181818182,1.5,1.4545454545454546,12.0,6.666666666666668,5.8,9.033333333333333,2,3.9,1.9
2703,1,3,8,0.5,0.0,0.0,0.0,1.0,2.0,0.0,1.2666666666666666,1,2.9,1.9
1947,3,14,8,1.3076923076923077,1.3571428571428572,1.9230769230769231,1.7142857142857142,1.0,1.0,0.0,1.2,1,1.5,0.5
5386,2,18,4,1.0,2.0,1.6923076923076923,1.1538461538461535,5.0,2.6666666666666665,2.0,3.8,2,1.6,0.3999999999999999
6099,3,11,12,1.2142857142857142,1.2307692307692308,1.5,1.3076923076923077,6.0,3.333333333333333,3.2,5.199999999999997,2,2.2,0.20000000000000018
4448,1,14,8,1.0,2.142857142857143,1.1428571428571428,1.4285714285714286,1.0,1.0,0.0,1.8666666666666665,1,1.8,0.8
4754,1,13,7,0.8571428571428571,1.3333333333333333,1.1428571428571428,2.0,1.0,1.3333333333333333,2.8,0.8666666666666677,1,2.3,1.2999999999999998
3806,2,1,15,2.5,0.9,0.5,1.3,-1.0,0.6666666666666666,2.0,5.266666666666668,2,2.4,0.3999999999999999
7285,2,6,13,1.8888888888888888,1.0,1.4444444444444444,1.3333333333333333,2.0,2.0,3.2,4.033333333333332,2,2.7,0.7000000000000002
3598,3,1,16,2.0,1.5333333333333334,1.0714285714285714,1.6666666666666667,1.0,3.6666666666666665,3.8,10.700000000000003,1,4.5,3.5
404,2,5,19,1.181818181818182,0.9090909090909092,1.4545454545454546,1.3636363636363635,8.0,5.0,3.6,7.800000000000002,2,4.1,2.0999999999999996
7613,3,18,3,1.0666666666666669,2.4285714285714284,1.4,1.5714285714285714,2.0,1.6666666666666667,0.0,2.6666666666666665,2,1.4,0.6000000000000001
22753,3,10,17,1.0625,1.8235294117647056,1.875,0.8235294117647058,2.0,2.0,3.8,3.4,2,2.1,0.10000000000000009
6382,2,19,16,1.0,0.4166666666666667,1.25,1.25,2.0,5.0,3.6,7.7666666666666675,5,6.0,1.0
15019,3,2,12,1.5294117647058822,1.1666666666666667,0.9411764705882352,1.8333333333333333,5.0,2.6666666666666665,2.8,5.066666666666669,1,2.1,1.1
22835,2,11,20,1.2307692307692308,1.4615384615384617,1.6153846153846154,0.6153846153846154,7.0,0.0,0.0,0.0,13,-1.3,14.3
17729,2,15,14,0.8888888888888888,1.5,1.2222222222222223,1.2,12.0,5.0,5.8,5.066666666666666,1,2.3,1.2999999999999998
13092,2,19,9,1.7272727272727273,1.2727272727272727,0.7272727272727273,2.363636363636364,2.0,2.0,2.8,4.933333333333334,2,2.6,0.6000000000000001
3455,3,3,13,2.2142857142857144,1.2857142857142858,0.7142857142857143,2.2857142857142856,12.0,7.333333333333332,6.4,10.366666666666664,8,5.4,2.5999999999999996
1387,1,10,9,0.5,1.0,1.5,1.5,0.0,0.0,0.0,0.0,1,1.0,0.0
5051,1,15,20,1.1428571428571428,1.1428571428571428,2.142857142857143,1.7142857142857142,1.0,2.6666666666666665,3.0,3.300000000000001,1,4.4,3.4000000000000004
20961,3,11,20,1.625,1.2,1.3125,1.5333333333333334,1.0,3.0,2.2,5.233333333333333,7,4.3,2.7
18817,3,18,11,1.4117647058823528,0.875,1.8823529411764703,2.25,1.0,1.0,1.0,1.5666666666666662,1,1.8,0.8
14943,3,2,12,1.625,1.5294117647058822,0.9375,1.6470588235294117,12.0,5.666666666666668,10.0,11.666666666666664,4,2.3,1.7000000000000002
8886,2,5,3,1.9090909090909087,1.8181818181818181,1.2727272727272727,0.9090909090909092,2.0,3.6666666666666665,2.4,6.7,2,4.0,2.0
8909,1,16,18,1.0,1.4,2.0,1.8,2.0,2.0,2.0,3.8333333333333335,2,3.0,1.0
3789,3,8,19,1.4285714285714286,0.8571428571428571,1.1428571428571428,2.357142857142857,1.0,2.333333333333333,1.8,3.2333333333333343,1,3.8,2.8
21097,3,8,7,0.6923076923076923,2.0714285714285716,2.0,2.2142857142857144,1.0,1.3333333333333333,1.2,1.1333333333333335,2,1.7,0.30000000000000004
3594,2,1,12,1.1538461538461535,1.5714285714285714,1.3846153846153846,1.0714285714285714,8.0,3.333333333333333,3.6,5.266666666666667,2,1.7,0.30000000000000004
7274,1,7,8,0.3333333333333333,2.0,2.333333333333333,0.3333333333333333,9.0,5.666666666666668,0.0,4.666666666666667,2,4.1,2.0999999999999996
5468,2,19,17,0.625,0.5,1.25,1.25,2.0,2.333333333333333,2.2,2.466666666666668,4,3.0,1.0
8906,1,19,10,0.6666666666666666,1.3333333333333333,3.0,2.0,2.0,2.0,0.0,4.4,2,2.5,0.5
2359,1,14,19,1.0,0.3333333333333333,1.3333333333333333,2.0,1.0,1.3333333333333333,2.0,4.4,2,2.6,0.6000000000000001
5840,2,5,2,2.25,1.0769230769230769,0.6666666666666666,1.5384615384615383,8.0,7.666666666666668,8.2,14.566666666666665,2,6.3,4.3
15780,2,13,4,1.3,1.8,1.8,0.8,2.0,2.0,1.8,3.0999999999999988,2,2.0,0.0
1774,1,17,1,1.0,3.0,1.6666666666666667,0.3333333333333333,6.0,3.0,2.6,5.333333333333333,1,1.3,0.30000000000000004
8939,1,1,17,4.0,1.0,1.0,4.0,1.0,0.0,0.0,0.0,4,3.3,0.7000000000000002
20456,1,13,11,1.3333333333333333,1.6666666666666667,1.3333333333333333,0.3333333333333333,1.0,0.0,0.0,0.0,1,0.7,0.30000000000000004
2374,2,9,14,0.7272727272727273,1.2727272727272727,1.7272727272727273,1.5454545454545454,2.0,1.3333333333333333,2.2,1.6333333333333322,1,1.8,0.8
6846,2,16,10,0.6666666666666666,1.6153846153846154,1.8333333333333333,1.0769230769230769,2.0,2.0,1.2,3.5000000000000004,2,2.0,0.0
22743,2,13,3,1.4166666666666667,2.0,1.75,1.25,0.0,0.0,0.0,0.0,2,0.6,1.4
3459,1,12,17,0.6666666666666666,1.6666666666666667,1.6666666666666667,1.6666666666666667,2.0,3.6666666666666665,0.0,9.833333333333332,4,4.4,0.40000000000000036
13074,1,16,15,1.0,0.5,0.5,2.5,2.0,0.0,0.0,0.0,2,1.1,0.8999999999999999
19134,2,19,13,1.4285714285714286,1.1428571428571428,0.7142857142857143,1.5714285714285714,1.0,1.0,0.0,0.2333333333333333,1,2.2,1.2000000000000002
5424,2,20,5,0.5454545454545454,1.8181818181818181,1.5454545454545454,1.0909090909090908,4.0,2.333333333333333,1.8,2.9333333333333336,1,1.5,0.5
729,1,18,4,0.5,2.0,2.0,0.5,1.0,1.3333333333333333,0.0,3.0,1,1.3,0.30000000000000004
4137,1,2,20,2.75,0.0,0.75,2.75,2.0,4.333333333333333,5.2,7.000000000000001,9,6.9,2.0999999999999996
12411,1,19,10,0.6666666666666666,1.3333333333333333,3.0,2.0,2.0,0.0,0.0,0.0,1,0.3,0.7
21240,3,20,10,1.1666666666666667,1.1666666666666667,0.8888888888888888,1.8333333333333333,2.0,2.0,1.8,3.9333333333333367,2,2.2,0.20000000000000018
395,1,6,4,2.5,2.0,0.6666666666666666,0.8333333333333334,4.0,3.6666666666666665,3.8,4.500000000000001,5,4.1,0.9000000000000004
22824,3,17,11,1.0,1.8666666666666667,2.2,1.3333333333333333,1.0,1.0,1.0,1.3666666666666665,1,1.3,0.30000000000000004
12425,2,11,14,1.3,1.5,1.8,0.8,10.0,6.0,4.0,7.900000000000001,6,4.2,1.7999999999999998
7540,1,14,19,1.0,0.3333333333333333,1.3333333333333333,2.0,0.0,0.0,0.0,0.0,11,1.9,9.1
5459,1,15,6,0.3333333333333333,2.0,2.333333333333333,0.3333333333333333,2.0,4.0,4.4,4.533333333333334,8,4.1,3.9000000000000004
14987,1,7,11,1.0,1.6666666666666667,0.5,2.0,2.0,1.6666666666666667,0.0,5.366666666666667,2,2.3,0.2999999999999998
2598,3,14,12,1.4375,0.9333333333333332,1.0625,2.2666666666666666,1.0,1.3333333333333333,2.2,5.000000000000001,1,1.9,0.8999999999999999
5443,2,20,9,0.5555555555555556,1.8888888888888888,1.2222222222222223,1.4444444444444444,2.0,1.3333333333333333,1.6,3.4333333333333336,1,1.1,0.10000000000000009
2762,3,14,20,0.7142857142857143,1.0714285714285714,2.0,1.4285714285714286,15.0,8.333333333333334,5.8,6.233333333333332,8,5.5,2.5
6386,3,20,4,0.5,1.7142857142857142,1.5714285714285714,0.7142857142857143,1.0,1.6666666666666667,3.8,0.9666666666666672,2,1.3,0.7
18538,2,18,20,1.625,1.125,2.25,2.0,1.0,9.666666666666666,6.4,11.4,13,12.5,0.5
18799,2,18,7,0.875,0.625,2.25,2.375,1.0,2.333333333333333,2.0,1.1999999999999995,4,3.4,0.6000000000000001
758,1,15,8,0.0,1.0,1.0,0.0,0.0,0.0,0.0,0.0,2,0.3,1.7
1915,3,15,1,1.8125,1.375,1.4375,1.3125,9.0,5.333333333333333,6.0,5.333333333333333,5,3.3,1.7000000000000002
1365,1,6,15,2.0,0.3333333333333333,0.3333333333333333,2.333333333333333,2.0,4.0,3.6,4.166666666666667,8,6.2,1.7999999999999998
10856,2,15,8,1.0833333333333333,0.6363636363636364,1.25,1.9090909090909087,6.0,3.333333333333333,2.8,7.433333333333334,2,2.2,0.20000000000000018
4786,1,11,2,0.75,3.0,1.25,1.0,1.0,1.3333333333333333,2.6,0.10000000000000038,1,1.7,0.7
19504,1,15,20,0.6,1.4,2.0,1.8,1.0,1.0,1.0,2.1666666666666665,1,2.2,1.2000000000000002
20361,1,17,5,0.8333333333333334,1.5,2.5,0.8333333333333334,1.0,1.3333333333333333,1.4,4.200000000000001,1,1.4,0.3999999999999999
8094,2,5,18,1.7692307692307692,1.6666666666666667,1.5384615384615383,0.75,1.0,1.0,1.2,1.3333333333333324,1,2.2,1.2000000000000002
1362,1,7,17,1.5,0.0,1.5,1.0,4.0,2.333333333333333,0.0,1.7333333333333334,2,3.2,1.2000000000000002
5425,2,20,15,0.6666666666666666,0.8333333333333334,1.5,1.1666666666666667,1.0,2.333333333333333,2.0,2.8666666666666667,2,3.2,1.2000000000000002
6906,1,12,11,1.6,1.4,0.6,1.2,1.0,2.6666666666666665,2.4,3.266666666666667,6,4.1,1.9000000000000004
6845,2,3,18,1.875,1.1428571428571428,0.75,1.5714285714285714,8.0,3.6666666666666665,4.4,10.433333333333335,2,2.3,0.2999999999999998
9970,2,6,3,1.5454545454545454,1.9166666666666667,0.9090909090909092,1.5,5.0,2.6666666666666665,1.8,7.2333333333333325,1,1.6,0.6000000000000001
4466,1,11,12,1.4,1.6,1.2,0.6,0.0,0.0,0.0,0.0,1,1.2,0.19999999999999996
18537,2,20,5,0.8571428571428571,2.0,2.5714285714285716,0.7142857142857143,15.0,5.666666666666668,4.0,6.566666666666669,1,1.3,0.30000000000000004
19530,3,15,12,0.8333333333333334,1.2777777777777777,1.8333333333333333,1.3888888888888888,2.0,1.6666666666666667,1.4,3.666666666666666,2,1.6,0.3999999999999999
19858,3,12,4,1.1052631578947372,1.7368421052631582,1.9473684210526316,1.3157894736842106,1.0,1.0,1.0,1.8666666666666665,1,1.0,0.0
3113,2,7,10,1.5,1.4166666666666667,1.1666666666666667,1.5833333333333333,1.0,1.6666666666666667,1.6,4.5,2,2.4,0.3999999999999999
13137,3,20,12,1.2857142857142858,1.4666666666666666,1.5,0.7333333333333333,2.0,2.0,2.0,1.9333333333333331,2,2.1,0.10000000000000009
6857,3,11,8,0.8888888888888888,1.1578947368421053,1.8333333333333333,1.5789473684210529,2.0,6.666666666666668,6.8,5.8333333333333375,9,7.5,1.5
4428,1,9,7,0.6,0.4,1.0,2.0,2.0,4.0,3.0,4.700000000000001,2,5.0,3.0
1906,2,14,18,1.9166666666666667,1.5833333333333333,1.3333333333333333,1.9166666666666667,7.0,3.333333333333333,3.4,3.533333333333335,2,3.1,1.1
19835,2,17,2,0.7142857142857143,2.5714285714285716,2.2857142857142856,1.0,1.0,1.0,1.0,3.6666666666666665,1,0.6,0.4
1379,2,10,20,1.2727272727272727,0.6363636363636364,2.090909090909091,1.5454545454545454,2.0,1.3333333333333333,1.2,1.3666666666666654,1,2.4,1.4
4416,3,16,14,1.0,1.2307692307692308,1.6153846153846154,1.4615384615384617,1.0,1.3333333333333333,1.4,1.2999999999999965,2,2.0,0.0
6358,2,19,9,0.9,0.7,1.4,1.7,2.0,1.6666666666666667,1.6,1.666666666666666,1,2.1,1.1
12466,2,11,8,1.1666666666666667,1.3076923076923077,2.25,1.7692307692307692,1.0,2.0,2.0,2.9666666666666663,1,2.8,1.7999999999999998
773,2,16,4,1.0,2.6666666666666665,1.4444444444444444,1.8888888888888888,2.0,1.6666666666666667,2.8,2.6333333333333324,1,1.6,0.6000000000000001
6832,1,12,11,1.6,1.4,0.6,1.2,2.0,1.6666666666666667,2.4,2.1333333333333333,1,2.6,1.6
5058,2,13,11,1.0,1.0,2.2,1.2,5.0,3.0,2.4,3.1666666666666687,2,2.5,0.5
20948,2,15,11,0.8888888888888888,1.2222222222222223,2.333333333333333,1.6666666666666667,1.0,3.333333333333333,3.4,4.633333333333332,1,4.2,3.2
17406,3,7,1,2.2222222222222223,1.3888888888888888,2.1111111111111107,1.2777777777777777,1.0,1.0,3.6,3.4,1,1.0,0.0
21078,1,13,3,0.6,2.75,2.0,0.25,1.0,2.0,0.0,2.8666666666666667,4,2.1,1.9
1340,1,13,3,1.0,1.0,1.0,0.0,13.0,0.0,0.0,0.0,2,-4.2,6.2
20232,2,20,4,1.2727272727272727,2.4545454545454546,2.272727272727273,1.2727272727272727,1.0,1.0,0.0,2.533333333333333,1,1.2,0.19999999999999996
1057,2,13,6,1.0,1.8888888888888888,1.3333333333333333,1.4444444444444444,1.0,1.0,2.2,2.1000000000000028,0,1.3,1.3
2580,1,13,3,1.375,2.4285714285714284,1.25,1.0,1.0,2.6666666666666665,0.0,3.7000000000000006,1,3.5,2.5
3467,3,20,4,0.5,1.7142857142857142,1.5714285714285714,0.7142857142857143,2.0,1.3333333333333333,2.4,1.5666666666666669,1,0.5,0.5
4144,2,2,8,2.8571428571428568,1.2857142857142858,0.5714285714285714,2.142857142857143,2.0,2.6666666666666665,2.4,4.733333333333332,1,4.1,3.0999999999999996
1401,2,6,15,0.7777777777777778,1.0,1.8888888888888888,2.333333333333333,1.0,2.6666666666666665,2.2,3.299999999999999,6,4.0,2.0
5311,3,7,20,2.0,1.3846153846153846,2.1538461538461537,1.5384615384615383,2.0,9.666666666666666,6.6,14.100000000000005,6,11.6,5.6
12430,2,9,19,1.2307692307692308,1.4615384615384617,1.5384615384615383,1.8461538461538465,1.0,4.0,5.0,5.433333333333336,2,5.6,3.5999999999999996
4472,2,15,19,2.0,1.125,2.0,2.0,1.0,2.333333333333333,0.0,3.533333333333333,5,4.2,0.7999999999999998
5406,1,3,2,2.4,2.6,0.6,0.8,1.0,1.0,0.8,0.5,1,2.1,1.1
7960,1,6,16,4.0,1.0,1.0,2.5,1.0,2.6666666666666665,0.0,5.9,5,5.6,0.5999999999999996
3774,2,1,20,3.4615384615384617,0.5384615384615384,0.6923076923076923,1.4615384615384617,17.0,9.333333333333334,7.0,16.333333333333332,6,6.5,0.5
7606,3,8,17,1.4615384615384617,0.6923076923076923,1.1538461538461535,1.4615384615384617,1.0,0.0,0.0,0.0,1,0.9,0.09999999999999998
7001,2,17,15,1.1111111111111112,1.0,1.5555555555555556,1.7,1.0,1.0,2.8,2.033333333333333,1,1.8,0.8
1354,2,7,4,1.5454545454545454,2.636363636363636,1.3636363636363635,1.9090909090909087,1.0,1.6666666666666667,1.4,2.633333333333334,4,2.4,1.6
6356,2,17,5,0.4444444444444444,1.5555555555555556,1.1111111111111112,0.3333333333333333,1.0,1.6666666666666667,2.4,2.2333333333333325,2,1.5,0.5
8097,3,4,5,2.6153846153846154,2.230769230769231,0.7692307692307693,1.5384615384615383,1.0,2.0,1.6,1.4333333333333325,4,3.2,0.7999999999999998
3433,1,8,7,2.0,0.3333333333333333,0.3333333333333333,2.333333333333333,2.0,5.333333333333333,6.0,9.199999999999998,2,6.8,4.8
889,2,3,13,2.0,1.4166666666666667,1.25,1.75,2.0,2.6666666666666665,6.2,5.199999999999998,1,3.5,2.5
2605,3,16,11,1.368421052631579,0.8947368421052632,1.2105263157894737,1.7894736842105263,1.0,2.0,3.4,4.133333333333333,1,2.6,1.6
6083,1,4,15,1.0,1.0,1.0,1.0,0.0,0.0,0.0,0.0,8,1.4,6.6
9956,1,6,19,2.0,0.75,1.0,2.25,1.0,1.0,1.6,2.4666666666666663,1,3.0,2.0
7351,2,2,1,1.125,2.5,1.625,0.625,1.0,1.0,0.0,1.4000000000000004,1,1.1,0.10000000000000009
6943,1,12,11,1.6,1.4,0.6,1.2,2.0,3.6666666666666665,2.6,3.766666666666667,8,5.0,3.0
2586,2,11,18,1.7272727272727273,1.3,1.2727272727272727,1.8,2.0,6.0,4.0,6.866666666666667,11,7.9,3.0999999999999996
3628,2,18,7,1.181818181818182,1.2727272727272727,2.0,1.9090909090909087,1.0,0.0,0.0,0.0,2,0.5,1.5
3480,2,4,12,2.5,1.125,2.125,1.5,5.0,2.333333333333333,1.8,2.5,1,2.6,1.6
1776,1,13,11,1.25,1.5,1.5,0.75,2.0,3.6666666666666665,3.8,5.233333333333333,8,4.4,3.5999999999999996
15744,2,14,11,1.5,1.3,0.8,1.8,2.0,4.0,3.0,6.299999999999998,2,5.0,3.0
3085,3,8,19,1.4285714285714286,0.8571428571428571,1.1428571428571428,2.357142857142857,5.0,4.333333333333333,5.8,6.566666666666664,2,4.4,2.4000000000000004
7284,2,6,15,0.7777777777777778,1.0,1.8888888888888888,2.333333333333333,2.0,2.0,3.0,3.299999999999999,2,2.7,0.7000000000000002
1342,1,7,20,0.5,0.0,1.5,1.0,1.0,1.6666666666666667,0.0,3.3333333333333344,2,2.9,0.8999999999999999
2601,3,16,5,1.3529411764705883,1.8,1.1176470588235294,0.8666666666666667,2.0,1.6666666666666667,1.4,1.7333333333333336,2,1.5,0.5
6926,3,13,9,1.6,1.0,1.4,2.357142857142857,2.0,2.0,1.8,4.000000000000001,2,2.5,0.5
4414,2,15,1,1.0,3.5,1.6666666666666667,0.75,2.0,1.3333333333333333,1.2,2.066666666666664,1,0.8,0.19999999999999996
6837,1,4,1,1.0,2.75,1.0,0.25,17.0,6.333333333333332,7.4,8.066666666666666,1,1.2,0.19999999999999996
3119,1,4,6,1.6666666666666667,0.6666666666666666,1.0,0.3333333333333333,1.0,1.0,0.0,2.6333333333333333,1,1.8,0.8
21013,1,18,9,1.0,0.8571428571428571,2.0,1.8571428571428568,2.0,3.0,3.0,5.933333333333334,5,3.6,1.4
19132,1,18,19,1.5,1.5,0.6666666666666666,0.6666666666666666,1.0,0.0,0.0,0.0,1,1.2,0.19999999999999996
7147,2,10,8,1.3,1.7,2.1,1.6,1.0,0.0,0.0,0.0,1,0.6,0.4
4765,1,11,12,0.0,0.0,0.0,0.0,0.0,0.0,0.0,0.0,1,0.7,0.30000000000000004
22543,2,5,11,2.1666666666666665,1.1666666666666667,1.5,2.1666666666666665,1.0,0.0,0.0,0.0,11,1.4,9.6
12475,3,11,18,0.875,1.4117647058823528,2.25,1.8823529411764703,1.0,1.3333333333333333,1.2,1.1,1,2.2,1.2000000000000002
4418,3,15,11,1.0714285714285714,1.4285714285714286,1.6428571428571428,1.5,5.0,6.666666666666668,4.4,10.366666666666662,13,6.2,6.8
3086,2,13,16,0.625,1.125,1.125,1.375,0.0,0.0,0.0,0.0,1,1.1,0.10000000000000009
20448,3,10,2,1.1333333333333333,2.4375,1.8666666666666667,1.125,2.0,3.0,2.0,8.600000000000001,2,2.2,0.20000000000000018
21212,1,20,7,1.6666666666666667,1.6666666666666667,2.0,0.6666666666666666,0.0,0.0,0.0,0.0,1,1.0,0.0
771,2,14,20,0.75,1.25,1.25,1.75,2.0,3.6666666666666665,3.4,6.266666666666667,2,4.6,2.5999999999999996
19834,1,16,6,0.8571428571428571,1.4285714285714286,1.8571428571428568,0.8571428571428571,1.0,1.0,1.0,2.2,1,1.4,0.3999999999999999
10086,3,6,7,1.3125,1.1875,0.75,1.625,-1.0,3.6666666666666665,3.8,12.7,7,4.3,2.7
887,2,4,20,2.4545454545454546,1.2727272727272727,1.2727272727272727,2.272727272727273,15.0,9.333333333333334,7.2,11.566666666666665,5,7.5,2.5
13106,3,20,18,1.1764705882352942,1.7222222222222223,1.3529411764705883,0.8888888888888888,1.0,1.3333333333333333,2.4,4.633333333333334,2,1.6,0.3999999999999999
736,2,14,11,1.125,0.7142857142857143,1.125,1.2857142857142858,1.0,1.3333333333333333,2.0,0.9999999999999996,1,2.2,1.2000000000000002
7939,2,17,19,1.3,0.9,2.1,2.2,2.0,0.6666666666666666,1.2,3.8333333333333353,1,1.3,0.30000000000000004
7933,2,14,12,1.5714285714285714,1.7142857142857142,2.2857142857142856,1.7142857142857142,10.0,8.0,6.4,11.300000000000002,12,6.5,5.5
6842,1,3,6,2.142857142857143,1.8571428571428568,0.7142857142857143,0.2857142857142857,9.0,6.333333333333332,5.0,8.666666666666666,2,5.0,3.0
5399,3,18,2,1.6842105263157894,1.8333333333333333,1.2105263157894737,0.9444444444444444,2.0,3.0,1.8,5.1000000000000005,5,2.9,2.1
14923,1,5,1,1.4285714285714286,0.7142857142857143,0.5714285714285714,1.8571428571428568,13.0,7.666666666666668,7.6,7.566666666666666,2,5.3,3.3
6871,1,14,11,1.5,0.8333333333333334,0.8333333333333334,2.0,1.0,1.0,1.0,0.4666666666666667,1,2.5,1.5
4399,1,9,7,1.5,1.75,1.0,2.75,1.0,1.0,0.8,1.1666666666666667,1,2.4,1.4
18557,3,18,11,1.4117647058823528,0.875,1.8823529411764703,2.25,2.0,3.0,2.4,4.8,6,3.6,2.4
2382,1,16,5,0.5,2.5,1.5,0.0,2.0,1.6666666666666667,0.0,1.8333333333333333,1,1.5,0.5
11561,1,14,15,1.6666666666666667,0.6666666666666666,2.0,2.0,1.0,0.6666666666666666,1.2,4.166666666666667,0,1.8,1.8
6107,2,18,4,1.0,2.0,1.6923076923076923,1.1538461538461535,1.0,1.3333333333333333,1.6,1.6333333333333329,1,1.5,0.5
8884,2,4,12,1.9,0.3333333333333333,1.2,1.1111111111111112,2.0,2.6666666666666665,4.4,5.933333333333333,7,3.3,3.7
7922,1,17,19,0.5,1.5,2.5,0.5,0.0,0.0,0.0,0.0,2,1.0,1.0
6073,3,18,7,0.9333333333333332,2.2,1.933333333333333,2.2,5.0,2.6666666666666665,2.2,3.4000000000000004,2,1.7,0.30000000000000004
3478,1,5,18,2.0,1.2,2.6666666666666665,2.0,1.0,1.0,1.0,0.6333333333333334,1,3.0,2.0
6054,1,18,7,1.6,1.6,0.6,0.6,1.0,1.3333333333333333,1.6,4.4,2,1.8,0.19999999999999996
2705,1,10,13,0.5,1.1666666666666667,1.8333333333333333,1.0,1.0,0.6666666666666666,1.4,0.9333333333333336,0,1.3,1.3
8910,1,12,19,1.4,1.0,2.2,2.4,2.0,5.666666666666668,4.2,8.933333333333334,13,7.5,5.5
20460,1,17,6,1.0,1.4,0.8,1.2,1.0,1.0,0.0,0.16666666666666666,1,1.9,0.8999999999999999
15752,3,14,16,1.2142857142857142,1.0714285714285714,1.7142857142857142,1.8571428571428568,5.0,4.666666666666667,4.6,8.03333333333333,0,4.3,4.3
14946,3,2,6,2.473684210526316,1.6470588235294117,1.0,1.0,2.0,4.666666666666667,6.0,10.000000000000002,7,4.9,2.0999999999999996
13103,3,20,13,1.2352941176470589,0.8823529411764706,0.8823529411764706,1.9411764705882355,1.0,3.333333333333333,2.6,3.9666666666666672,7,4.5,2.5
10048,3,5,19,1.6923076923076923,1.0,1.0,1.2857142857142858,0.0,1.0,1.4,4.3,2,2.2,0.20000000000000018
14988,1,5,20,2.5,0.5,0.0,4.0,2.0,1.6666666666666667,0.0,5.1000000000000005,1,4.2,3.2
17443,3,14,7,1.1764705882352942,1.1176470588235294,1.9411764705882355,1.5882352941176472,1.0,3.333333333333333,0.0,3.333333333333333,1,4.2,3.2
6933,3,11,3,0.8947368421052632,2.0,1.8421052631578947,1.1764705882352942,2.0,4.666666666666667,3.4,4.933333333333335,7,4.8,2.2
6942,1,13,5,0.75,2.25,3.75,1.25,1.0,1.3333333333333333,1.4,1.6666666666666663,2,1.7,0.30000000000000004
7512,3,17,8,0.6923076923076923,1.4615384615384617,1.4615384615384617,1.1538461538461535,1.0,1.0,1.0,0.2333333333333335,1,1.1,0.10000000000000009
6948,2,16,18,0.8571428571428571,1.4285714285714286,2.5714285714285716,0.7142857142857143,1.0,1.0,2.6,1.5666666666666669,1,1.5,0.5
2759,2,14,17,0.6666666666666666,1.25,2.083333333333333,1.6666666666666667,2.0,2.0,1.8,1.9999999999999984,2,2.7,0.7000000000000002
1914,3,13,3,1.25,2.5625,1.8125,0.875,2.0,7.666666666666668,5.4,6.633333333333334,9,8.4,0.5999999999999996
11568,1,11,2,1.3333333333333333,1.8571428571428568,2.1666666666666665,1.4285714285714286,1.0,1.0,0.8,1.6666666666666672,1,1.6,0.6000000000000001
3103,2,9,7,1.4285714285714286,1.8571428571428568,1.2857142857142858,1.0,1.0,1.3333333333333333,2.8,1.4333333333333331,2,1.9,0.10000000000000009
3600,3,1,15,1.375,1.8125,1.3125,1.4375,2.0,3.6666666666666665,4.2,7.4333333333333345,8,4.1,3.9000000000000004
2489,3,14,8,1.3888888888888888,0.6875,1.1666666666666667,1.875,2.0,7.0,4.8,11.466666666666667,13,7.8,5.2
7348,1,2,11,2.5,0.6666666666666666,0.6666666666666666,1.5,0.0,0.0,0.0,0.0,1,2.1,1.1
5075,1,15,20,1.1428571428571428,1.1428571428571428,2.142857142857143,1.7142857142857142,2.0,2.0,2.8,3.3000000000000003,2,3.1,1.1
16628,2,7,18,0.625,0.875,2.375,2.25,2.0,7.0,6.4,9.033333333333337,17,8.5,8.5
738,2,14,2,0.6666666666666666,1.0,1.2222222222222223,1.4444444444444444,1.0,1.0,1.2,0.26666666666666644,1,1.3,0.30000000000000004
3448,2,4,8,1.9090909090909087,1.6363636363636365,0.3636363636363637,1.6363636363636365,13.0,8.666666666666666,8.0,11.799999999999995,2,6.3,4.3
1767,1,4,1,1.0,2.75,1.0,0.25,1.0,0.3333333333333333,0.0,0.8999999999999999,1,0.4,0.6
3451,2,4,20,2.4166666666666665,0.5833333333333334,1.8333333333333333,1.4166666666666667,8.0,3.6666666666666665,5.2,8.099999999999996,2,2.8,0.7999999999999998
3605,3,1,9,1.368421052631579,1.1,1.2105263157894737,1.55,6.0,3.0,5.2,10.366666666666667,2,1.2,0.8
7278,1,8,1,1.0,4.2,2.0,0.6,7.0,3.333333333333333,2.8,5.333333333333333,1,1.4,0.3999999999999999
14026,1,17,4,1.0,1.8,2.0,1.4,1.0,1.3333333333333333,2.0,3.4666666666666663,1,1.7,0.7
20966,3,9,15,1.7058823529411764,1.0,1.2352941176470589,1.9411764705882355,6.0,4.666666666666667,3.2,6.900000000000001,1,4.4,3.4000000000000004
14922,1,5,17,1.5,0.8333333333333334,0.8333333333333334,2.5,8.0,10.0,7.6,13.233333333333334,13,10.5,2.5
22611,2,16,10,1.0909090909090908,0.5454545454545454,1.2727272727272727,2.0,1.0,0.0,0.0,0.0,1,0.8,0.19999999999999996
4162,1,2,20,2.75,0.0,0.75,2.75,7.0,8.333333333333334,6.2,12.833333333333336,6,9.7,3.6999999999999993
3603,3,1,7,1.3888888888888888,2.2222222222222223,1.2777777777777777,2.1111111111111107,16.0,6.0,5.6,10.500000000000002,1,1.4,0.3999999999999999
6066,2,19,1,1.181818181818182,1.9090909090909087,1.8181818181818181,1.0,13.0,5.333333333333333,3.8,6.3,2,1.7,0.30000000000000004
1892,1,10,5,2.2,1.6,1.2,0.4,1.0,1.0,1.0,0.3333333333333333,1,2.0,1.0
5418,1,17,5,0.6,2.6,0.6,0.8,1.0,1.0,0.0,0.20000000000000004,1,1.5,0.5
14941,3,2,10,2.4375,1.1333333333333333,1.125,1.8666666666666667,13.0,11.333333333333336,8.2,13.366666666666665,1,9.7,8.7
3101,1,12,14,1.3333333333333333,1.3333333333333333,1.6666666666666667,1.8333333333333333,1.0,3.6666666666666665,3.8,5.2,1,5.3,4.3
3557,2,1,12,1.1538461538461535,1.5714285714285714,1.3846153846153846,1.0714285714285714,1.0,1.0,1.0,0.20000000000000054,1,1.9,0.8999999999999999
17740,3,19,17,0.6,1.4,1.1333333333333333,1.933333333333333,2.0,1.3333333333333333,1.6,6.433333333333334,1,1.1,0.10000000000000009
5097,1,14,12,1.3333333333333333,1.3333333333333333,1.8333333333333333,1.6666666666666667,1.0,1.0,0.8,0.4666666666666659,1,2.3,1.2999999999999998
2393,1,14,19,1.0,0.3333333333333333,1.3333333333333333,2.0,2.0,1.3333333333333333,2.6,4.200000000000002,1,2.3,1.2999999999999998
15736,1,8,14,1.5,0.8333333333333334,0.6666666666666666,2.833333333333333,2.0,3.0,2.6,5.099999999999998,5,4.6,0.40000000000000036
4168,1,2,9,1.1428571428571428,0.7142857142857143,1.7142857142857142,1.0,6.0,3.333333333333333,4.0,7.166666666666668,2,2.4,0.3999999999999999
4500,1,7,20,1.6666666666666667,1.6666666666666667,0.6666666666666666,2.0,2.0,1.6666666666666667,0.0,1.9666666666666663,1,3.4,2.4
11588,3,9,1,1.2941176470588236,2.125,1.4705882352941178,1.125,1.0,1.3333333333333333,1.4,0.3666666666666672,1,1.5,0.5
3788,3,8,1,1.4285714285714286,3.571428571428572,1.7857142857142858,0.7142857142857143,5.0,2.333333333333333,1.8,3.1666666666666674,1,0.8,0.19999999999999996
777,2,10,4,0.9230769230769232,1.6153846153846154,1.3846153846153846,0.7692307692307693,1.0,2.0,2.4,2.6333333333333333,1,2.2,1.2000000000000002
17712,1,9,11,3.0,1.0,4.0,3.0,0.0,0.0,0.0,0.0,9,2.4,6.6
3487,3,3,13,2.2142857142857144,1.2857142857142858,0.7142857142857143,2.2857142857142856,1.0,1.3333333333333333,1.2,2.033333333333333,1,2.8,1.7999999999999998
3077,2,8,2,1.3,2.5,1.4,1.0,2.0,5.0,3.8,6.199999999999998,8,5.4,2.5999999999999996
740,2,18,17,1.2,1.0909090909090908,1.6,2.1818181818181817,1.0,1.0,1.0,2.8666666666666667,1,2.1,1.1
4801,2,18,5,1.1538461538461535,1.75,1.3846153846153846,1.0833333333333333,1.0,1.3333333333333333,1.2,1.6333333333333335,2,1.7,0.30000000000000004
2462,1,14,6,1.1666666666666667,1.4,1.0,1.2,6.0,5.0,3.6,6.899999999999999,7,4.4,2.5999999999999996
780,3,11,15,1.4285714285714286,1.0714285714285714,1.5,1.6428571428571428,1.0,3.0,2.2,5.066666666666666,2,4.0,2.0
22555,3,3,11,2.0,0.8947368421052632,1.1764705882352942,1.8421052631578947,5.0,6.333333333333332,4.0,9.16666666666667,8,6.6,1.4000000000000004
4409,2,15,17,1.0,1.1111111111111112,1.7,1.5555555555555556,1.0,1.6666666666666667,4.6,3.13333333333333,2,2.5,0.5
4790,1,10,12,0.75,1.2,0.75,1.0,2.0,5.333333333333333,3.6,6.333333333333332,2,6.5,4.5
2482,3,13,20,0.6,1.2666666666666666,1.3333333333333333,0.6666666666666666,1.0,2.333333333333333,1.8,2.833333333333334,1,3.0,2.0
9960,1,6,19,1.3333333333333333,0.8333333333333334,1.3333333333333333,2.0,1.0,4.0,2.8,4.066666666666666,10,6.3,3.7
3485,2,4,7,2.636363636363636,1.5454545454545454,1.9090909090909087,1.3636363636363635,1.0,1.3333333333333333,1.4,5.333333333333333,2,2.2,0.20000000000000018
20450,3,10,17,1.0625,1.8235294117647056,1.875,0.8235294117647058,1.0,1.3333333333333333,2.2,2.0333333333333345,1,1.8,0.8
14927,2,5,16,2.1111111111111107,0.25,0.8888888888888888,1.0,2.0,2.0,4.2,6.666666666666664,2,2.6,0.6000000000000001
4179,2,2,5,1.0769230769230769,2.25,1.5384615384615383,0.6666666666666666,5.0,4.0,3.0,6.000000000000001,2,3.1,1.1
5085,2,18,2,0.8333333333333334,1.1666666666666667,2.5,1.5,1.0,1.0,0.8,3.5,1,0.9,0.09999999999999998
2401,2,10,4,0.75,1.75,2.125,0.375,5.0,9.333333333333334,6.4,9.700000000000003,8,9.2,1.1999999999999993
16624,1,9,12,0.8333333333333334,0.2,2.5,0.8,2.0,4.333333333333333,3.4,6.600000000000001,9,5.1,3.9000000000000004
5436,1,19,8,0.6666666666666666,0.8333333333333334,1.6666666666666667,1.0,2.0,3.0,3.2,7.2333333333333325,2,3.0,1.0
4136,1,2,11,3.0,0.75,1.0,1.25,2.0,3.6666666666666665,3.8,7.400000000000001,2,5.2,3.2
17727,2,17,2,1.0,2.1111111111111107,1.75,1.5555555555555556,2.0,5.333333333333333,4.0,6.133333333333334,2,5.8,3.8
2528,3,15,10,0.6842105263157895,1.9473684210526316,1.3157894736842106,1.368421052631579,1.0,2.333333333333333,2.0,2.2666666666666644,1,2.8,1.7999999999999998
3773,2,1,15,3.5,1.0,0.75,1.6666666666666667,5.0,9.333333333333334,6.2,18.533333333333328,17,10.4,6.6
20226,2,18,20,1.625,1.125,2.25,2.0,1.0,0.0,0.0,0.0,1,1.4,0.3999999999999999
1074,1,8,19,0.8333333333333334,0.6666666666666666,1.0,1.6666666666666667,9.0,4.0,5.0,3.666666666666666,1,3.0,2.0
4762,2,18,15,1.1428571428571428,0.4615384615384616,1.3571428571428572,1.2307692307692308,2.0,3.333333333333333,2.6,5.933333333333335,2,4.0,2.0
1388,1,7,20,0.5,0.0,1.5,1.0,1.0,0.6666666666666666,0.0,1.2666666666666666,1,1.9,0.8999999999999999
2707,2,14,4,0.42857142857142855,2.8571428571428568,2.2857142857142856,0.5714285714285714,1.0,1.0,1.0,3.0,2,0.5,1.5
4802,2,18,15,1.1428571428571428,0.4615384615384616,1.3571428571428572,1.2307692307692308,2.0,1.0,1.0,1.533333333333334,0,1.5,1.5
6102,1,9,15,2.0,1.3333333333333333,1.6666666666666667,2.0,7.0,0.0,0.0,0.0,1,-0.5,1.5
6847,2,16,6,1.3333333333333333,1.5833333333333333,1.5833333333333333,1.0,2.0,2.0,1.2,3.600000000000001,2,2.1,0.10000000000000009
2530,1,18,6,0.0,1.0,1.0,0.0,0.0,0.0,0.0,0.0,1,0.2,0.8
371,1,12,3,0.0,1.3333333333333333,1.6666666666666667,1.0,16.0,6.333333333333332,5.4,7.399999999999999,2,1.7,0.30000000000000004
5076,2,16,5,1.1428571428571428,2.142857142857143,2.0,2.2857142857142856,2.0,2.0,1.8,4.366666666666667,2,2.2,0.20000000000000018
5059,2,18,13,1.181818181818182,1.0,1.8181818181818181,1.5454545454545454,2.0,3.0,2.6,4.066666666666669,2,3.7,1.7000000000000002
888,2,2,13,2.090909090909091,0.4,1.181818181818182,1.2,5.0,7.333333333333332,7.4,10.633333333333333,2,7.8,5.8
3442,2,4,12,2.5,1.125,2.125,1.5,2.0,6.666666666666668,6.0,8.966666666666663,13,8.4,4.6
2495,1,15,8,1.0,2.5,1.3333333333333333,2.5,2.0,4.666666666666667,0.0,4.033333333333332,2,6.3,4.3
4495,1,19,7,0.0,2.0,2.0,1.0,0.0,0.0,0.0,0.0,2,0.4,1.6
4178,2,2,8,2.583333333333333,1.5,1.0833333333333333,1.3333333333333333,5.0,3.6666666666666665,3.0,5.233333333333335,5,3.8,1.2000000000000002
15764,1,18,8,1.0,1.5,0.5,0.5,2.0,1.6666666666666667,0.0,3.0,1,2.0,1.0
21854,2,8,3,1.375,2.375,2.25,1.125,0.0,0.0,0.0,0.0,1,0.5,0.5
22954,3,14,7,0.5882352941176471,2.3529411764705883,1.3529411764705883,2.117647058823529,1.0,0.0,0.0,0.0,1,0.1,0.9
6084,1,3,12,2.0,0.0,2.0,2.0,8.0,0.0,0.0,0.0,2,-0.9,2.9
11598,1,9,18,1.6666666666666667,1.3333333333333333,0.6666666666666666,2.0,5.0,6.333333333333332,4.2,6.233333333333333,12,7.7,4.3
8952,2,4,14,2.375,1.875,1.375,1.125,1.0,1.0,2.4,1.3666666666666654,1,2.3,1.2999999999999998
5451,3,17,8,0.6923076923076923,1.4615384615384617,1.4615384615384617,1.1538461538461535,8.0,4.0,4.4,4.66666666666667,2,1.9,0.10000000000000009
5056,2,17,15,1.1111111111111112,0.9,2.0,2.1,2.0,1.6666666666666667,2.4,2.8666666666666685,2,2.4,0.3999999999999999
3118,1,10,3,0.5,2.0,0.5,1.0,1.0,1.0,0.0,2.6333333333333333,1,1.2,0.19999999999999996
1382,2,10,7,1.4166666666666667,1.5,1.5833333333333333,1.1666666666666667,6.0,4.666666666666667,3.4,8.966666666666663,1,3.6,2.6
7953,3,16,14,1.1764705882352942,0.6666666666666666,1.7647058823529411,1.2777777777777777,12.0,6.333333333333332,5.2,13.833333333333336,1,3.0,2.0
21242,3,20,17,1.1052631578947372,0.9473684210526316,0.9473684210526316,1.8947368421052635,1.0,1.3333333333333333,1.6,3.2333333333333374,1,2.1,1.1
22450,2,14,11,1.5,1.3,0.8,1.8,0.0,0.0,0.0,0.0,1,1.3,0.30000000000000004
14942,3,2,16,2.5294117647058822,1.1764705882352942,1.0588235294117647,1.9411764705882355,1.0,8.666666666666666,9.4,13.5,12,10.8,1.1999999999999993
4169,2,2,8,2.8571428571428568,1.2857142857142858,0.5714285714285714,2.142857142857143,2.0,4.333333333333333,4.0,10.433333333333334,5,5.5,0.5
8894,3,4,17,1.9285714285714288,0.9375,1.2142857142857142,2.0,8.0,8.0,7.4,14.100000000000005,9,7.2,1.7999999999999998
6898,1,15,4,1.0,1.0,1.0,1.0,0.0,0.0,0.0,0.0,1,0.8,0.19999999999999996
5442,2,20,1,0.5555555555555556,2.6666666666666665,1.5555555555555556,0.5555555555555556,1.0,1.6666666666666667,1.8,3.7000000000000006,2,1.2,0.8
4139,1,2,11,1.2,0.8,1.8,1.2,1.0,5.666666666666668,4.2,6.633333333333333,7,7.5,0.5
22615,3,17,18,0.6923076923076923,1.0769230769230769,1.1538461538461535,2.0,1.0,1.0,1.0,2.4666666666666663,1,1.7,0.7
7952,3,12,3,1.5294117647058822,2.4705882352941178,1.6470588235294117,0.9411764705882352,6.0,6.666666666666668,7.0,14.366666666666667,12,4.8,7.2
6341,2,20,1,0.5384615384615384,3.4615384615384617,1.4615384615384617,0.6923076923076923,2.0,1.6666666666666667,2.2,3.4,1,0.8,0.19999999999999996
1953,3,15,1,1.8125,1.375,1.4375,1.3125,1.0,1.0,1.0,1.4333333333333331,1,1.2,0.19999999999999996
18788,1,15,14,0.6666666666666666,1.6666666666666667,2.0,2.0,0.0,0.0,0.0,0.0,1,1.3,0.30000000000000004
12472,3,12,14,0.9333333333333332,1.4375,2.2666666666666666,1.0625,1.0,1.3333333333333333,1.2,2.3000000000000003,2,1.7,0.30000000000000004
3073,2,9,7,1.375,1.75,1.125,1.5,8.0,5.0,3.8,4.033333333333332,2,4.0,2.0
7029,2,15,1,1.0,3.5,1.6666666666666667,0.75,7.0,3.6666666666666665,3.6,3.13333333333333,2,1.8,0.19999999999999996
1352,2,7,2,0.7,1.2,1.7,1.5,1.0,0.6666666666666666,0.8,0.9000000000000011,0,0.8,0.8
6338,2,19,15,0.5454545454545454,1.2,1.3636363636363635,1.5,1.0,4.0,3.0,7.766666666666667,5,4.8,0.20000000000000018
378,2,5,18,2.4444444444444446,0.7777777777777778,0.7777777777777778,1.6666666666666667,1.0,1.0,1.0,1.1333333333333335,1,2.9,1.9
1404,2,7,2,0.7,1.2,1.7,1.5,1.0,2.0,2.6,5.433333333333331,5,2.0,3.0
781,1,15,8,0.0,1.0,1.0,0.0,0.0,0.0,0.0,0.0,1,0.3,0.7
6996,1,16,12,1.25,0.8,1.5,1.2,2.0,1.6666666666666667,2.4,3.0666666666666664,1,2.3,1.2999999999999998
13131,2,20,2,1.5833333333333333,1.6666666666666667,0.6666666666666666,0.8333333333333334,2.0,3.333333333333333,6.0,5.7333333333333325,2,3.2,1.2000000000000002
8075,1,6,5,1.75,0.3333333333333333,1.5,2.333333333333333,1.0,1.0,0.0,1.5333333333333332,1,2.4,1.4
22837,3,10,2,1.2666666666666666,2.333333333333333,1.6,1.2,5.0,6.333333333333332,0.0,10.033333333333333,1,5.6,4.6
1065,3,13,12,1.1538461538461535,1.3076923076923077,1.4615384615384617,2.1538461538461537,8.0,5.0,5.0,5.76666666666667,6,3.7,2.3
16631,2,8,9,1.1,1.6,2.1,2.4,2.0,1.3333333333333333,4.6,4.833333333333336,1,1.4,0.3999999999999999
1893,1,10,15,1.0,1.4,1.6,1.8,1.0,1.0,1.0,2.3000000000000003,1,2.2,1.2000000000000002
1061,2,12,16,1.0909090909090908,0.7272727272727273,1.2727272727272727,1.5454545454545454,2.0,3.6666666666666665,2.4,3.8333333333333366,8,4.9,3.0999999999999996
6354,2,17,18,1.0,0.0,1.5,1.625,6.0,3.0,2.2,6.033333333333332,2,2.4,0.3999999999999999
12458,2,12,9,1.125,1.625,1.625,1.75,2.0,2.333333333333333,2.0,2.833333333333334,1,2.9,1.9
6899,1,15,13,0.0,0.0,0.0,0.0,1.0,0.0,0.0,0.0,2,0.3,1.7
1932,1,13,20,2.0,1.1666666666666667,1.0,1.6666666666666667,0.0,0.0,0.0,0.0,1,2.2,1.2000000000000002
3076,2,8,14,1.2222222222222223,0.3333333333333333,1.3333333333333333,1.4444444444444444,5.0,3.0,3.8,5.1000000000000005,2,2.7,0.7000000000000002
11606,2,12,14,1.7142857142857142,1.5714285714285714,1.7142857142857142,2.2857142857142856,9.0,4.0,4.2,7.733333333333333,1,2.5,1.5
10867,3,19,4,1.0,2.1111111111111107,1.2941176470588236,1.5,1.0,1.0,1.2,0.4333333333333338,1,1.1,0.10000000000000009
20937,1,12,6,1.0,2.333333333333333,3.0,1.0,13.0,0.0,0.0,0.0,2,-4.0,6.0
5461,1,13,12,0.75,0.75,1.75,1.0,2.0,7.666666666666668,5.4,8.600000000000001,13,9.2,3.8000000000000007
7553,3,10,6,0.6923076923076923,2.769230769230769,2.1538461538461537,1.0769230769230769,2.0,3.6666666666666665,3.4,4.466666666666669,2,3.5,1.5
770,2,14,11,1.125,0.7142857142857143,1.125,1.2857142857142858,7.0,3.333333333333333,3.4,7.3,2,1.8,0.19999999999999996
15743,2,13,4,1.3,1.8,1.8,0.8,8.0,4.0,3.0,5.466666666666664,2,2.1,0.10000000000000009
3534,1,4,14,0.0,2.0,2.0,2.0,4.0,0.0,0.0,0.0,6,-0.3,6.3
8083,1,2,20,3.1666666666666665,1.0,0.16666666666666666,2.0,1.0,3.0,2.2,2.766666666666666,7,6.1,0.9000000000000004
6339,2,19,16,1.0,0.4166666666666667,1.25,1.25,5.0,2.6666666666666665,3.0,3.6333333333333333,2,2.3,0.2999999999999998
14995,1,5,4,1.5,2.0,0.5,1.6666666666666667,9.0,3.6666666666666665,2.8,3.8666666666666667,1,2.2,1.2000000000000002
2577,1,14,8,0.25,1.6,1.0,0.8,0.0,0.0,0.0,0.0,1,0.6,0.4
4475,2,17,10,1.8888888888888888,1.2222222222222223,2.0,1.7777777777777777,1.0,1.0,1.8,0.033333333333333215,1,2.2,1.2000000000000002
3535,1,2,13,0.5,0.0,1.5,1.0,6.0,3.6666666666666665,0.0,3.7,1,3.4,2.4
14035,2,18,7,0.875,0.625,2.25,2.375,2.0,1.6666666666666667,1.6,1.9000000000000008,1,2.1,1.1
1347,2,6,15,1.7142857142857142,1.1428571428571428,1.7142857142857142,1.1428571428571428,1.0,3.0,2.2,3.200000000000001,0,4.5,4.5
4160,1,2,18,0.0,0.3333333333333333,1.6666666666666667,2.333333333333333,6.0,6.0,7.4,12.666666666666664,12,5.4,6.6
1078,2,13,4,0.5555555555555556,1.7777777777777777,1.2222222222222223,0.6666666666666666,1.0,1.3333333333333333,1.2,1.7,2,1.3,0.7
3074,2,8,16,1.5,1.125,1.625,1.375,2.0,4.0,3.8,4.033333333333332,2,5.3,3.3
19130,1,18,7,1.6,1.6,0.6,0.6,0.0,0.0,0.0,0.0,1,1.0,0.0
15003,2,4,13,1.8,1.3,0.8,1.8,1.0,1.0,1.8,0.2333333333333344,1,2.4,1.4
22846,3,8,13,1.4117647058823528,0.9444444444444444,2.176470588235294,2.1111111111111107,2.0,1.3333333333333333,2.0,3.999999999999999,1,1.6,0.6000000000000001
13124,2,20,1,1.5,1.875,0.75,1.0,2.0,4.0,5.0,5.866666666666667,1,4.1,3.0999999999999996
8892,3,4,6,2.1333333333333333,2.0,1.3333333333333333,1.2142857142857142,6.0,6.666666666666668,5.2,13.466666666666667,7,5.6,1.4000000000000004
18539,2,18,7,0.875,0.625,2.25,2.375,13.0,5.333333333333333,6.4,5.900000000000001,2,2.2,0.20000000000000018
21082,1,9,18,0.8571428571428571,1.0,1.8571428571428568,2.0,1.0,1.0,1.6,0.2333333333333339,1,2.6,1.6
15739,2,7,9,1.125,1.125,2.0,2.0,4.0,2.6666666666666665,3.0,7.23333333333333,2,2.2,0.20000000000000018
5084,2,18,13,1.181818181818182,1.0,1.8181818181818181,1.5454545454545454,1.0,0.6666666666666666,1.0,2.933333333333333,1,1.2,0.19999999999999996
4797,2,13,11,1.181818181818182,0.8,1.3636363636363635,2.0,2.0,1.3333333333333333,1.2,0.4666666666666672,1,2.2,1.2000000000000002
21092,2,8,15,0.6363636363636364,1.0833333333333333,1.9090909090909087,1.25,1.0,1.0,2.8,3.100000000000001,1,1.4,0.3999999999999999
1770,1,4,19,2.0,0.6,0.8,1.2,12.0,4.666666666666667,3.2,3.9333333333333336,1,3.3,2.3
16621,1,13,3,0.6,2.75,2.0,0.25,2.0,2.0,4.8,5.400000000000001,2,1.2,0.8
364,3,4,11,1.9230769230769231,1.5384615384615383,1.0,2.0,1.0,1.0,2.4,3.0333333333333314,1,1.8,0.8
6322,1,9,14,1.0,1.5,1.5,1.5,1.0,1.0,0.0,0.5666666666666668,1,2.3,1.2999999999999998
5070,1,17,1,1.0,4.5,2.75,0.75,9.0,6.666666666666668,5.4,6.933333333333333,9,4.6,4.4
6370,1,15,1,1.2,2.8,1.2,0.6,2.0,3.333333333333333,2.8,3.5666666666666664,6,3.6,2.4
19520,2,10,8,1.2307692307692308,0.75,2.1538461538461537,1.9166666666666667,1.0,2.333333333333333,1.8,3.333333333333333,1,3.3,2.3
20440,2,13,3,1.4166666666666667,2.0,1.75,1.25,2.0,1.0,3.6,1.7666666666666668,0,0.8,0.8
6867,1,12,10,1.25,1.5,0.5,0.75,1.0,1.0,1.0,0.4666666666666666,1,2.0,1.0
5387,3,19,11,1.6153846153846154,0.5,0.7692307692307693,1.25,2.0,2.6666666666666665,2.0,4.333333333333333,1,3.1,2.1
19529,3,14,7,1.1764705882352942,1.1176470588235294,1.9411764705882355,1.5882352941176472,1.0,1.3333333333333333,1.2,3.766666666666667,2,1.5,0.5
1916,3,16,2,1.1764705882352942,2.5294117647058822,1.9411764705882355,1.0588235294117647,5.0,5.333333333333333,6.0,3.8666666666666667,2,4.5,2.5
6374,2,17,18,1.0,0.0,1.5,1.625,2.0,2.0,2.8,6.7333333333333325,2,2.4,0.3999999999999999
7350,2,2,8,2.8571428571428568,1.2857142857142858,0.5714285714285714,2.142857142857143,1.0,1.0,0.0,2.266666666666667,1,2.6,1.6
16640,3,8,7,0.6923076923076923,2.0714285714285716,2.0,2.2142857142857144,2.0,1.6666666666666667,1.6,2.8000000000000016,1,1.6,0.6000000000000001
4435,2,18,5,0.7777777777777778,2.4444444444444446,1.6666666666666667,0.7777777777777778,1.0,0.6666666666666666,1.2,2.0000000000000013,2,0.5,1.5
5825,1,3,19,0.75,0.25,0.75,1.75,13.0,9.333333333333334,8.6,13.433333333333332,2,7.4,5.4
4138,1,2,8,0.25,1.5,1.75,0.25,9.0,4.0,4.2,5.533333333333334,1,1.6,0.6000000000000001
6919,2,15,11,0.7272727272727273,1.4545454545454546,1.9090909090909087,2.272727272727273,1.0,1.6666666666666667,1.4,0.5000000000000003,2,2.7,0.7000000000000002
7993,3,4,12,1.7368421052631582,1.1052631578947372,1.3157894736842106,1.9473684210526316,1.0,3.0,2.2,6.466666666666668,7,4.0,3.0
19823,1,10,20,2.0,0.0,0.0,0.0,0.0,0.0,0.0,0.0,1,1.9,0.8999999999999999
4427,1,7,20,1.4,0.0,0.8,2.4,8.0,3.6666666666666665,3.0,3.266666666666668,2,3.7,1.7000000000000002
2758,2,11,8,0.7272727272727273,1.4545454545454546,2.090909090909091,1.2727272727272727,2.0,1.6666666666666667,4.0,1.6666666666666652,2,1.7,0.30000000000000004
3793,1,2,8,3.0,1.5,0.5,4.0,9.0,7.333333333333332,0.0,8.966666666666667,12,8.2,3.8000000000000007
10026,1,7,9,1.6666666666666667,1.6666666666666667,2.333333333333333,0.6666666666666666,1.0,3.6666666666666665,0.0,8.633333333333333,6,4.7,1.2999999999999998
10027,1,6,12,2.333333333333333,1.0,1.0,3.0,6.0,4.333333333333333,0.0,7.533333333333334,6,5.1,0.9000000000000004
6103,2,10,11,1.2222222222222223,0.7777777777777778,2.2222222222222223,2.1111111111111107,1.0,3.0,0.0,2.966666666666667,1,4.5,3.5
3762,1,1,6,4.0,1.1666666666666667,0.6666666666666666,2.0,7.0,8.666666666666666,11.0,11.1,8,9.6,1.5999999999999996
18543,2,19,17,0.9,1.3,2.2,2.1,1.0,2.333333333333333,2.2,6.866666666666667,1,3.1,2.1
5844,1,10,12,1.0,2.0,2.0,1.0,0.0,0.0,0.0,0.0,1,1.1,0.10000000000000009
723,2,10,4,0.9230769230769232,1.6153846153846154,1.3846153846153846,0.7692307692307693,2.0,8.666666666666666,6.8,8.633333333333331,12,9.7,2.3000000000000007
1082,2,12,16,0.4545454545454545,0.8181818181818182,1.181818181818182,1.181818181818182,2.0,2.6666666666666665,2.2,3.633333333333333,1,3.2,2.2
6962,3,15,12,0.7857142857142857,1.2666666666666666,1.8571428571428568,2.2,1.0,1.0,1.2,1.3333333333333337,1,1.6,0.6000000000000001
6994,1,15,18,1.6666666666666667,0.5,1.0,0.25,5.0,3.0,2.4,5.333333333333333,2,3.0,1.0
12418,1,11,8,1.0,1.0,1.7142857142857142,2.0,1.0,1.0,1.0,2.233333333333333,1,1.9,0.8999999999999999
937,3,5,14,2.0,1.263157894736842,1.6666666666666667,1.5263157894736843,6.0,2.6666666666666665,2.0,4.233333333333333,1,2.1,1.1
3109,2,8,10,1.7,1.3,1.6,2.1,1.0,1.3333333333333333,4.8,1.6333333333333329,2,2.4,0.3999999999999999
6365,1,10,17,0.6666666666666666,0.5,0.3333333333333333,2.5,2.0,3.0,2.4,3.5999999999999988,2,4.5,2.5
349,1,12,14,2.0,1.0,1.0,0.0,5.0,0.0,0.0,0.0,1,-0.4,1.4
2384,1,16,6,0.75,0.75,1.25,1.25,1.0,1.0,1.4,1.4333333333333336,1,1.6,0.6000000000000001
10839,1,16,2,1.6666666666666667,2.333333333333333,2.6666666666666665,0.3333333333333333,2.0,2.0,0.0,2.5333333333333328,2,2.2,0.20000000000000018
6904,1,12,10,1.25,1.5,0.5,0.75,1.0,1.3333333333333333,1.4,2.400000000000001,1,2.2,1.2000000000000002
4163,1,2,8,0.25,1.5,1.75,0.25,6.0,5.0,6.6,9.3,2,3.5,1.5
2712,2,11,13,1.0,1.0,1.2,2.2,1.0,3.6666666666666665,2.8,8.733333333333334,5,4.6,0.40000000000000036
7019,1,11,2,0.6666666666666666,2.5,1.5,0.6666666666666666,2.0,2.0,1.8,4.466666666666664,2,1.7,0.30000000000000004
6671,1,18,8,0.7142857142857143,1.1666666666666667,2.142857142857143,1.8333333333333333,1.0,1.0,1.8,0.26666666666666633,1,1.8,0.8
15775,2,11,7,1.4285714285714286,0.7142857142857143,0.7142857142857143,2.2857142857142856,1.0,1.3333333333333333,1.6,2.933333333333332,1,2.3,1.2999999999999998
11590,3,10,3,1.2222222222222223,2.333333333333333,1.3888888888888888,0.8888888888888888,1.0,1.0,1.2,1.066666666666667,1,0.9,0.09999999999999998
2356,1,12,6,0.5,2.0,1.5,1.5,5.0,3.6666666666666665,0.0,5.800000000000002,1,3.1,2.1
15774,1,8,11,1.0,1.0,2.0,1.7142857142857142,2.0,1.6666666666666667,1.6,3.633333333333333,1,2.3,1.2999999999999998
4774,1,10,16,1.25,0.7142857142857143,1.125,2.2857142857142856,1.0,5.0,3.4,7.300000000000002,13,7.1,5.9
1367,1,4,6,1.25,0.25,2.5,1.75,1.0,3.6666666666666665,3.0,3.466666666666667,2,5.2,3.2
20958,3,15,19,1.5714285714285714,1.0,1.5,1.7857142857142858,1.0,3.6666666666666665,2.8,3.9333333333333336,1,5.3,4.3
4166,1,2,4,1.1666666666666667,1.5,2.0,1.0,5.0,4.0,4.0,4.499999999999999,2,3.6,1.6
2490,3,15,10,0.6842105263157895,1.9473684210526316,1.3157894736842106,1.368421052631579,13.0,7.0,5.6,10.733333333333334,6,3.4,2.6
6346,1,3,13,1.0,1.0,0.0,1.0,0.0,0.0,0.0,0.0,3,1.4,1.6
6381,2,19,15,0.5454545454545454,1.2,1.3636363636363635,1.5,8.0,4.0,2.8,5.066666666666666,2,2.6,0.6000000000000001
734,1,19,4,0.6,2.0,1.2,0.8,5.0,2.6666666666666665,2.0,2.233333333333333,2,1.8,0.19999999999999996
11627,3,8,19,1.1578947368421053,1.0,1.4210526315789471,1.2222222222222223,1.0,3.6666666666666665,4.0,6.833333333333332,1,4.6,3.5999999999999996
745,1,18,4,0.5,2.0,2.0,0.5,1.0,0.0,0.0,0.0,1,-0.1,1.1
359,2,3,2,1.625,2.625,0.875,0.875,11.0,4.333333333333333,3.0,4.433333333333334,1,1.7,0.7
2406,2,9,5,0.6666666666666666,2.272727272727273,1.9166666666666667,0.7272727272727273,1.0,1.0,4.8,2.466666666666669,1,0.6,0.4
20335,2,3,17,2.1,1.7,1.2,2.0,1.0,1.3333333333333333,1.2,3.766666666666667,2,2.8,0.7999999999999998
20339,2,3,13,2.0,1.4166666666666667,1.25,1.75,1.0,2.333333333333333,2.0,3.7333333333333343,1,3.8,2.8
1346,1,7,19,0.6666666666666666,0.5,2.0,0.8333333333333334,8.0,3.333333333333333,2.6,3.800000000000001,1,2.3,1.2999999999999998
12445,1,20,4,0.5,0.5,2.0,2.5,2.0,2.0,0.0,1.4666666666666668,2,2.7,0.7000000000000002
6068,2,18,5,1.6666666666666667,1.7692307692307692,0.75,1.5384615384615383,1.0,1.6666666666666667,3.8,2.5,2,2.3,0.2999999999999998
1910,3,14,6,1.2857142857142858,1.4285714285714286,1.8571428571428568,0.7857142857142857,1.0,1.3333333333333333,1.4,1.7666666666666675,2,1.4,0.6000000000000001
5447,2,20,5,0.5454545454545454,1.8181818181818181,1.5454545454545454,1.0909090909090908,7.0,3.6666666666666665,4.0,5.733333333333335,2,1.7,0.30000000000000004
7590,3,10,6,0.6923076923076923,2.769230769230769,2.1538461538461537,1.0769230769230769,2.0,1.6666666666666667,0.0,1.8333333333333333,1,1.3,0.30000000000000004
22620,3,19,12,0.9333333333333332,0.5625,1.2,1.25,2.0,1.3333333333333333,2.2,4.8,2,1.0,1.0
11574,2,8,5,1.7777777777777777,1.5555555555555556,2.4444444444444446,0.6666666666666666,1.0,1.0,1.0,1.566666666666667,0,1.5,1.5
5389,3,18,16,1.6428571428571428,1.0714285714285714,0.7857142857142857,2.2142857142857144,2.0,5.0,4.4,7.033333333333334,12,6.2,5.8
6836,1,14,15,1.5714285714285714,1.1428571428571428,1.0,1.0,5.0,2.333333333333333,2.4,1.2999999999999998,1,2.6,1.6
4505,1,16,9,1.5,1.4285714285714286,1.5,1.1428571428571428,1.0,2.333333333333333,2.2,3.333333333333333,5,3.4,1.6
20341,2,4,18,2.0,1.0,1.1538461538461535,1.6923076923076923,1.0,2.0,2.6,1.9333333333333345,4,3.8,0.20000000000000018
20444,3,13,10,1.5,1.2142857142857142,0.7857142857142857,1.5,1.0,2.0,1.8,4.233333333333333,5,2.6,2.4
3079,2,8,4,1.6363636363636365,1.9090909090909087,1.6363636363636365,0.3636363636363637,2.0,6.333333333333332,5.2,5.866666666666666,9,7.2,1.7999999999999998
15731,1,11,13,1.5,1.25,0.75,1.5,2.0,5.666666666666668,4.8,10.533333333333333,9,6.9,2.0999999999999996
3542,1,4,9,0.6,1.4,2.0,2.2,1.0,1.0,1.0,1.066666666666667,1,2.0,1.0
5464,1,19,8,0.6666666666666666,0.8333333333333334,1.6666666666666667,1.0,5.0,3.0,4.8,5.100000000000001,2,2.1,0.10000000000000009
1372,1,8,14,2.142857142857143,1.0,1.4285714285714286,1.1428571428571428,5.0,5.333333333333333,3.6,10.033333333333333,6,5.7,0.2999999999999998
15742,2,10,17,1.2222222222222223,1.8888888888888888,1.7777777777777777,2.0,2.0,3.6666666666666665,3.4,4.8333333333333295,8,4.8,3.2
