0,0,10,0,0,0,3,0,0,9,0.6,0,0,443,0,0,9,0,2,0,1.9,443,0.4,0,2017-08-13T15:00:00Z,13 Aug 16:00,0,0,9,0,0,12,0,0,0,0,0,0,1,0,25136,0,0,0,0,4,18.0,0,0,0,0,50,False,0,0
1,0,21,0,0,0,16,0,6,17,52.9,0,0,443,0,0,15,0,3,0,7.4,954,21.2,4,2017-08-19T14:00:00Z,19 Aug 15:00,0,0,90,0,3,14,0,0,0,0,2,0,2,0,27824,0,0,0,2,3,0.0,1,-1515,945,2460,50,False,0,0
2,0,43,0,0,0,11,0,4,36,1.6,0,0,443,0,0,26,1,3,0,2.4,1470,11.2,0,2017-08-26T14:00:00Z,26 Aug 15:00,0,0,90,0,0,13,0,0,0,0,3,0,3,0,28464,0,0,1,0,3,11.0,1,-269,2323,2592,50,False,0,0
3,0,22,1,0,0,23,1,3,14,47.1,0,0,443,0,0,40,1,0,0,6.2,2001,14.2,3,2017-09-11T19:00:00Z,11 Sep 20:00,0,0,90,0,2,8,0,0,0,0,4,0,4,0,28977,3,0,1,0,2,1.0,6,-338,2793,3131,50,True,0,0
4,0,30,0,0,3,30,1,4,27,34.3,0,0,443,0,0,48,0,0,0,4.6,2545,11.2,2,2017-09-16T14:00:00Z,16 Sep 15:00,0,0,90,0,1,19,0,0,0,0,4,0,5,0,30355,0,0,0,0,0,0.0,9,905,3136,2231,50,False,0,0
5,0,44,0,0,0,5,0,0,30,14.3,0,0,443,0,0,58,1,3,0,2.8,3091,11.4,0,2017-09-23T11:30:00Z,23 Sep 12:30,0,0,90,0,1,17,0,0,0,0,4,0,6,0,35059,6,2,0,3,2,2.0,1,3309,6037,2728,50,True,0,0
6,0,40,0,0,0,27,1,4,30,33.8,0,0,443,0,0,67,1,0,0,5.7,3641,22.8,2,2017-09-30T14:00:00Z,30 Sep 15:00,0,0,90,0,2,16,0,0,0,0,5,0,7,0,59270,3,2,0,0,1,0.0,6,22776,26720,3944,50,True,0,0
7,0,25,0,0,0,8,0,3,16,1.3,0,0,443,0,0,72,0,1,0,0.8,4195,6.4,0,2017-10-14T14:00:00Z,14 Oct 15:00,0,0,90,0,0,4,0,0,0,0,3,0,8,0,61725,0,0,0,1,1,0.0,2,1364,7453,6089,50,False,0,0
8,0,0,0,0,0,0,0,0,0,0.0,0,0,443,0,0,90,0,0,0,0.0,4752,0.0,0,2017-10-20T19:00:00Z,20 Oct 20:00,0,0,0,0,0,3,0,0,0,0,0,0,9,0,70421,0,0,0,3,0,0.0,0,7986,10652,2666,50,True,0,0
9,1,17,1,0,0,15,0,3,13,11.2,0,0,443,0,0,95,1,0,0,3.7,5311,23.6,1,2017-10-28T14:00:00Z,28 Oct 15:00,0,0,45,0,0,6,0,0,0,0,2,0,10,0,61476,1,0,0,2,2,2.0,4,-9169,1213,10382,50,False,0,0
10,0,42,0,0,0,8,0,5,31,1.8,0,0,443,0,0,109,0,4,0,1.4,5874,12.6,0,2017-11-04T17:30:00Z,04 Nov 17:30,0,0,90,0,0,10,0,0,0,0,3,0,11,0,53794,3,0,0,4,1,0.0,0,-7903,965,8868,50,True,0,0
11,0,34,0,0,0,10,0,3,29,1.4,0,0,443,0,0,119,0,2,0,0.8,6440,4.6,0,2017-11-19T16:00:00Z,19 Nov 16:00,0,0,90,0,0,18,0,0,0,0,4,0,12,0,50796,1,0,1,0,2,2.0,1,-3265,1484,4749,50,False,0,0
12,0,38,0,0,0,14,0,4,28,16.2,1,0,443,0,0,129,0,1,0,3.6,7009,20.2,1,2017-11-24T20:00:00Z,24 Nov 20:00,0,0,90,0,1,9,0,0,0,0,3,0,13,0,48510,2,1,0,1,1,0.0,2,-2472,1160,3632,50,True,0,0
13,0,55,0,0,0,8,0,3,36,1.9,0,0,443,0,0,138,0,4,0,1.2,7579,4.4,0,2017-11-29T20:00:00Z,29 Nov 20:00,0,0,90,0,0,7,0,0,0,0,8,0,14,0,45409,0,0,1,0,4,6.0,0,-3202,647,3849,50,False,0,0
14,1,17,0,0,1,27,0,11,12,28.3,0,0,443,0,0,147,0,2,0,7.8,8150,49.2,2,2017-12-03T16:00:00Z,03 Dec 16:00,0,0,90,0,1,11,0,0,0,0,7,0,15,0,40264,0,1,0,1,2,0.0,5,-5216,234,5450,50,False,0,0
15,0,38,0,0,0,22,1,8,28,11.3,0,0,443,0,0,159,1,0,0,3.0,8724,18.6,1,2017-12-09T12:30:00Z,09 Dec 12:30,0,0,90,0,0,5,0,0,0,0,7,0,16,0,39148,1,0,0,0,1,0.0,5,-1314,819,2133,50,True,0,1
16,0,34,0,0,0,27,1,9,26,1.1,0,0,443,0,0,170,0,0,0,2.3,9301,21.6,0,2017-12-13T20:00:00Z,13 Dec 20:00,0,0,90,0,0,1,0,0,0,0,4,0,17,0,41325,0,1,0,0,0,0.0,6,1933,2931,998,50,True,0,0
17,0,41,0,0,2,30,1,13,34,15.4,0,0,443,0,0,178,1,0,0,4.5,9879,29.6,1,2017-12-16T16:00:00Z,16 Dec 16:00,0,0,90,0,1,15,0,0,0,0,6,0,18,0,49941,1,0,0,3,0,0.0,8,8227,9230,1003,50,False,0,0
18,0,47,0,0,0,14,0,1,38,68.8,0,0,443,0,0,190,1,3,0,9.2,10459,15.4,5,2017-12-23T15:00:00Z,23 Dec 15:00,0,0,90,0,0,13,0,0,0,0,2,0,19,0,141239,0,0,0,3,2,8.0,1,88455,93213,4758,50,True,0,0
19,1,30,0,0,0,16,0,5,21,15.0,0,0,443,0,0,191,2,3,0,4.1,11044,25.8,1,2017-12-26T15:00:00Z,26 Dec 15:00,0,0,90,0,0,2,0,0,0,0,5,0,20,0,144192,0,0,0,3,3,0.0,3,2142,13939,11797,51,False,0,1
20,1,53,1,0,2,28,0,3,43,24.3,0,0,443,0,0,220,0,1,0,5.5,12183,29.6,1,2018-01-02T19:45:00Z,02 Jan 19:45,0,0,75,0,2,19,0,0,0,0,7,0,22,0,229063,1,1,1,1,2,1.0,7,86210,101081,14871,51,True,0,0
21,0,0,0,0,0,0,0,0,0,0.0,0,0,443,0,0,208,0,0,0,0.0,12182,0.0,0,2018-01-04T20:00:00Z,04 Jan 20:00,0,0,0,0,0,17,0,0,0,0,0,0,22,0,229063,0,0,0,1,1,0.0,0,86210,101081,14871,51,False,0,0
22,0,24,0,0,0,8,0,4,17,19.0,0,0,443,0,0,224,0,1,0,2.9,12808,9.8,1,2018-01-13T15:00:00Z,13 Jan 15:00,0,0,90,1,0,8,0,0,0,0,4,0,23,0,215396,0,1,0,4,1,0.0,1,-14528,23168,37696,51,False,0,1
23,0,29,0,0,0,8,0,7,24,1.9,1,0,443,0,0,240,1,1,0,1.4,13406,10.6,0,2018-01-20T15:00:00Z,20 Jan 15:00,0,0,90,0,0,2,0,0,0,0,0,0,24,0,225368,0,0,1,1,1,1.0,2,8943,23900,14957,51,True,0,0
24,0,21,0,0,0,6,0,4,14,1.8,0,0,443,0,0,243,1,1,0,6.0,14009,8.0,0,2018-01-30T19:45:00Z,30 Jan 19:45,0,0,90,1,0,6,0,0,0,0,4,0,25,0,211552,1,0,0,1,1,50.0,2,-14321,10328,24649,51,True,0,0
25,0,38,1,0,0,21,0,5,30,46.3,1,0,443,0,0,253,0,3,0,7.1,14622,25.0,3,2018-02-03T15:00:00Z,03 Feb 15:00,0,0,90,0,3,3,0,0,0,0,6,0,26,0,204505,0,1,0,1,3,0.0,0,-7308,5302,12610,51,False,0,1
26,1,23,1,0,2,35,1,7,15,14.5,0,0,443,0,0,270,0,0,0,5.7,15247,38.2,1,2018-02-10T15:00:00Z,10 Feb 15:00,0,0,90,0,0,18,0,0,0,0,4,0,27,0,193060,0,0,0,0,2,4.0,11,-11777,4579,16356,51,True,0,0
27,0,22,0,0,0,10,0,7,16,11.0,0,0,443,0,0,277,1,4,0,2.5,15874,14.4,1,2018-02-24T15:00:00Z,24 Feb 15:00,0,0,90,0,0,10,0,0,0,0,2,0,28,0,195858,1,1,0,1,4,0.0,0,1735,11657,9922,51,False,0,0
0,0,0,0,0,0,0,0,0,0,0.0,0,0,153,0,0,5,0,0,0,0.0,153,0.0,0,2017-08-12T14:00:00Z,12 Aug 15:00,0,0,0,0,0,15,0,0,0,0,0,0,1,0,4681,0,0,0,0,1,0.0,0,0,0,0,55,True,0,0
1,0,0,0,0,0,0,0,0,0,0.0,0,0,153,0,0,20,0,0,0,0.0,664,0.0,0,2017-08-21T19:00:00Z,21 Aug 20:00,0,0,0,0,0,11,0,0,0,0,0,0,2,0,4220,0,0,0,1,1,0.0,0,-1012,98,1110,55,False,0,0
2,0,2,0,0,0,4,0,0,2,10.5,0,0,153,0,0,22,0,0,0,3.3,1180,2.0,1,2017-08-27T12:30:00Z,27 Aug 13:30,0,0,7,0,0,5,0,0,0,0,0,0,3,0,4550,0,0,0,0,2,20.0,1,-238,284,522,55,False,0,0
3,0,0,0,0,0,0,0,0,0,0.0,0,0,153,0,0,33,0,0,0,0.0,1711,0.0,0,2017-09-09T14:00:00Z,09 Sep 15:00,0,0,0,0,0,17,0,0,0,0,0,0,4,0,4853,0,0,0,3,0,0.0,0,-244,252,496,55,True,0,0
4,0,0,0,0,0,0,0,0,0,0.0,0,0,153,0,0,50,0,0,0,0.0,2255,0.0,0,2017-09-17T15:00:00Z,17 Sep 16:00,0,0,0,0,0,12,0,0,0,0,0,0,5,0,4789,0,0,0,0,4,0.0,0,-303,157,460,55,False,0,0
5,0,0,0,0,0,0,0,0,0,0.0,0,0,153,0,0,52,0,0,0,0.0,2801,0.0,0,2017-09-23T14:00:00Z,23 Sep 15:00,0,0,0,0,0,2,0,0,0,0,0,0,6,0,4699,0,0,0,1,2,0.0,0,-301,184,485,54,True,0,0
6,0,0,0,0,0,0,0,0,0,0.0,0,0,153,0,0,69,0,0,0,0.0,3351,0.0,0,2017-10-01T13:15:00Z,01 Oct 14:15,0,0,0,0,0,4,0,0,0,0,0,0,7,0,4558,0,0,0,1,0,0.0,0,-293,141,434,54,True,0,0
7,0,0,0,0,0,0,0,0,0,0.0,0,0,153,0,0,71,0,0,0,0.0,3905,0.0,0,2017-10-15T12:30:00Z,15 Oct 13:30,0,0,0,0,0,3,0,0,0,0,0,0,8,0,4373,0,0,0,1,1,0.0,0,-324,114,438,54,False,0,0
8,0,0,0,0,0,0,0,0,0,0.0,0,0,153,0,0,82,0,0,0,0.0,4462,0.0,0,2017-10-22T12:30:00Z,22 Oct 13:30,0,0,0,0,0,1,0,0,0,0,0,0,9,0,4005,0,0,0,5,2,0.0,0,-377,9,386,54,True,0,0
9,0,18,0,0,0,3,0,0,11,2.3,0,0,153,0,0,96,0,2,0,0.7,5021,0.4,0,2017-10-29T16:00:00Z,29 Oct 16:00,0,0,45,0,0,9,0,0,0,0,3,0,10,0,3827,1,0,0,0,2,4.0,1,-209,49,258,54,False,0,0
10,1,2,0,0,0,11,0,1,1,0.3,0,0,153,0,0,102,1,0,0,0.5,5584,3.0,0,2017-11-05T16:30:00Z,05 Nov 16:30,0,0,5,0,0,18,0,0,0,0,0,0,11,0,3941,0,0,0,2,3,2.0,4,44,142,98,54,True,0,0
11,0,11,0,0,0,8,0,3,10,4.8,1,0,153,0,0,115,0,2,0,2.1,6150,15.8,0,2017-11-18T15:00:00Z,18 Nov 15:00,0,0,75,0,1,6,0,0,0,0,3,0,12,0,4166,2,0,0,2,2,0.0,2,100,236,136,54,False,0,0
12,0,32,0,0,0,7,0,3,22,12.0,0,0,153,0,0,126,2,4,0,2.1,6719,8.6,1,2017-11-26T13:30:00Z,26 Nov 13:30,0,0,90,0,0,14,0,0,0,0,5,0,13,0,4203,4,2,0,1,4,0.0,2,-17,123,140,54,False,0,0
13,0,29,0,0,0,3,1,1,22,4.1,2,0,153,0,0,138,3,0,0,1.0,7289,5.8,0,2017-11-29T20:00:00Z,29 Nov 20:00,0,0,88,0,0,20,0,0,0,0,3,0,14,0,4267,3,0,0,0,4,0.0,3,11,135,124,54,True,0,0
14,0,7,0,0,0,4,1,1,5,11.3,0,0,153,0,0,145,1,0,0,2.5,7860,11.4,1,2017-12-02T15:00:00Z,02 Dec 15:00,0,0,70,0,0,8,0,0,0,0,1,0,15,0,4751,6,2,0,0,2,2.0,3,409,566,157,54,True,0,0
15,0,12,0,0,0,2,0,1,6,0.9,0,0,153,0,0,154,1,0,0,0.2,8434,1.0,0,2017-12-10T14:15:00Z,10 Dec 14:15,0,0,45,0,0,10,0,0,0,0,0,0,16,0,4864,0,0,0,1,1,0.0,1,14,313,299,54,False,0,0
16,1,11,0,0,0,14,1,0,6,2.7,0,0,153,0,0,167,0,0,0,2.4,9011,2.2,0,2017-12-13T19:45:00Z,13 Dec 19:45,0,0,60,0,0,13,0,0,0,0,1,0,17,0,4909,1,0,0,1,0,19.0,6,-5,197,202,54,False,0,0
17,0,20,0,0,0,6,0,4,12,2.9,1,0,153,0,0,175,1,1,0,1.8,9589,5.4,0,2017-12-18T20:00:00Z,18 Dec 20:00,0,0,78,0,0,16,0,0,0,0,2,0,18,0,6184,1,0,1,1,3,10.0,2,1162,1394,232,54,True,0,0
18,0,9,0,0,0,3,0,4,6,11.0,0,0,153,0,0,184,1,0,0,1.6,10169,5.4,1,2017-12-23T12:30:00Z,23 Dec 12:30,0,0,45,0,0,5,0,0,0,0,1,0,19,0,6145,2,0,0,0,0,0.0,1,-153,413,566,54,True,0,0
19,0,7,0,0,0,1,0,0,5,1.8,0,0,153,0,0,200,1,0,0,0.1,10754,0.0,0,2017-12-26T15:00:00Z,26 Dec 15:00,0,0,29,0,0,19,0,0,0,0,0,0,20,0,6168,1,0,0,0,0,0.0,1,-49,332,381,54,False,0,0
20,0,20,0,0,0,12,0,0,15,1.8,1,0,153,0,0,201,0,2,0,3.9,11340,6.2,0,2017-12-30T15:00:00Z,30 Dec 15:00,0,0,90,0,0,2,0,0,0,0,5,0,21,0,5990,2,3,0,1,2,31.0,2,-253,276,529,54,False,0,0
21,0,6,0,0,0,3,0,0,4,0.4,0,0,153,0,0,214,0,1,0,0.2,11866,0.0,0,2018-01-01T17:30:00Z,01 Jan 17:30,0,0,28,0,0,12,0,0,0,0,0,0,22,0,5810,0,0,0,2,0,2.0,1,-209,127,336,54,True,0,0
22,0,10,0,0,0,3,0,1,9,1.0,0,0,153,0,0,228,0,2,0,0.3,12518,2.2,0,2018-01-13T17:30:00Z,13 Jan 17:30,0,0,33,0,0,17,0,0,0,0,1,0,23,0,5517,0,0,0,0,4,0.0,1,-398,144,542,54,False,0,0
23,0,0,0,0,0,0,0,0,0,0.0,0,0,153,0,0,234,0,0,0,0.0,13116,0.0,0,2018-01-20T15:00:00Z,20 Jan 15:00,0,0,0,0,0,19,0,0,0,0,0,0,24,0,5409,0,0,0,1,1,0.0,0,-160,197,357,54,True,0,0
24,0,12,0,0,0,8,0,0,10,12.4,1,0,153,0,0,247,0,1,0,6.0,13719,10.6,1,2018-01-31T19:45:00Z,31 Jan 19:45,0,0,30,0,0,13,0,0,0,0,3,0,25,0,6346,2,2,0,1,1,37.0,1,858,1297,439,54,False,0,0
25,0,19,0,0,0,11,0,4,12,1.8,1,0,153,0,0,254,0,1,0,4.3,14332,13.2,0,2018-02-03T12:30:00Z,03 Feb 12:30,0,0,90,0,0,11,0,0,0,0,3,0,26,0,6643,0,1,1,1,1,28.0,2,251,683,432,54,True,0,0
26,0,14,0,0,0,5,1,0,13,7.2,0,0,153,0,0,268,1,0,0,1.1,14957,1.8,0,2018-02-10T15:00:00Z,10 Feb 15:00,0,0,73,0,1,16,0,0,0,0,2,0,27,0,8298,1,0,0,0,1,2.0,3,1531,2109,578,54,False,0,0
27,0,20,0,0,0,0,0,0,12,18.2,0,0,153,0,0,274,2,1,0,5.8,15584,9.2,1,2018-02-24T15:00:00Z,24 Feb 15:00,0,0,90,0,1,14,0,0,0,0,4,0,28,0,8791,7,0,0,1,1,31.0,2,339,1047,708,54,True,0,0
0,1,52,0,0,0,22,1,5,41,46.9,0,0,172,0,0,4,0,0,0,8.7,172,40.2,3,2017-08-12T14:00:00Z,12 Aug 15:00,0,0,90,0,1,6,0,0,0,0,5,0,1,0,59955,2,0,0,3,0,0.0,6,0,0,0,55,False,0,0
1,0,57,0,0,2,35,1,6,48,9.2,1,0,172,0,0,18,0,0,1,9.1,683,57.6,0,2017-08-20T12:30:00Z,20 Aug 13:30,0,0,90,0,0,13,0,0,0,0,6,0,2,0,139899,2,0,0,0,1,24.0,10,57889,64238,6349,55,True,1,0
2,0,56,0,0,0,16,1,2,48,20.2,1,0,172,0,0,24,1,0,0,5.0,1199,12.0,1,2017-08-26T14:00:00Z,26 Aug 15:00,0,0,90,0,1,14,0,0,0,0,6,0,3,0,445787,1,1,0,0,0,18.0,3,261702,286543,24841,56,True,0,0
3,0,67,0,0,0,14,0,3,56,43.8,1,0,172,0,0,40,1,2,0,6.8,1730,22.8,3,2017-09-11T19:00:00Z,11 Sep 20:00,0,0,90,0,0,20,0,0,0,0,9,0,4,0,628197,2,0,1,0,2,1.0,2,151609,214816,63207,57,False,0,0
4,0,84,0,0,0,20,0,2,69,51.8,1,0,172,0,0,43,0,1,0,9.4,2274,34.6,3,2017-09-16T14:00:00Z,16 Sep 15:00,0,0,90,0,3,9,0,0,0,0,8,0,5,0,636994,0,0,0,1,1,8.0,2,1799,54461,52662,57,True,0,0
5,0,56,0,0,0,23,1,1,46,43.7,0,0,172,0,0,51,1,0,0,7.3,2820,20.8,4,2017-09-23T14:00:00Z,23 Sep 15:00,0,0,90,0,0,4,0,0,0,0,9,0,6,0,587519,1,4,0,0,0,8.0,3,-53807,22496,76303,57,False,0,0
6,0,26,0,0,0,16,0,4,19,2.5,0,0,172,0,0,63,0,3,0,3.7,3370,12.4,0,2017-09-30T11:30:00Z,30 Sep 12:30,0,0,60,0,0,17,0,0,0,0,4,0,7,0,534762,1,4,0,4,0,22.0,2,-55246,13275,68521,57,True,0,0
7,0,53,0,0,0,6,0,1,45,4.8,0,0,172,0,0,78,1,1,0,1.6,3924,9.2,0,2017-10-14T14:00:00Z,14 Oct 15:00,0,0,45,0,0,16,0,0,0,0,5,0,8,0,491296,1,0,0,0,2,2.0,1,-45319,14274,59593,56,False,0,0
8,0,28,0,0,1,28,0,4,19,15.7,0,0,172,0,0,83,1,1,1,7.8,4481,44.8,1,2017-10-21T14:00:00Z,21 Oct 15:00,0,0,90,0,0,12,0,0,0,0,7,0,9,0,436438,1,2,0,1,2,17.0,7,-55353,1871,57224,56,True,0,1
9,0,32,0,0,0,14,0,2,24,12.1,3,0,172,0,0,97,0,3,0,2.6,5040,14.0,1,2017-10-28T14:00:00Z,28 Oct 15:00,0,0,90,0,0,10,0,0,0,0,5,0,10,0,433619,2,1,0,0,3,0.0,2,-4958,21799,26757,56,False,0,0
10,0,60,0,0,0,11,1,3,52,16.3,0,0,172,0,0,103,1,0,0,3.3,5603,16.4,1,2017-11-04T15:00:00Z,04 Nov 15:00,0,0,90,0,0,19,0,0,0,0,10,0,11,0,428996,3,0,0,0,1,0.0,3,-6155,15261,21416,56,True,0,0
11,0,79,0,0,0,19,0,1,66,51.3,0,0,172,0,0,112,1,4,0,7.5,6169,20.6,3,2017-11-18T15:00:00Z,18 Nov 15:00,0,0,90,0,3,2,0,0,0,0,12,0,12,0,417576,1,1,1,0,4,3.0,2,-13061,10510,23571,55,False,0,0
12,0,19,0,0,0,10,0,5,12,5.3,0,0,172,0,0,122,0,2,0,2.6,6738,16.0,0,2017-11-26T16:00:00Z,26 Nov 16:00,0,0,90,0,1,11,0,0,0,0,7,0,13,0,387160,2,1,1,2,1,5.0,2,-30932,2663,33595,55,True,0,0
13,0,47,0,0,0,11,0,3,39,18.2,0,0,172,0,0,135,1,4,0,2.6,7308,8.2,1,2017-11-29T19:45:00Z,29 Nov 19:45,0,0,73,0,0,1,0,0,0,0,8,0,14,0,365952,1,1,0,0,5,0.0,1,-21622,2908,24530,55,False,0,1
14,0,67,0,0,0,16,0,4,50,23.8,0,0,172,0,0,145,0,2,0,4.6,7879,22.0,1,2017-12-02T15:00:00Z,02 Dec 15:00,0,0,90,0,1,7,0,0,0,0,9,0,15,0,344255,1,1,0,0,2,0.0,2,-22122,2354,24476,54,False,0,0
15,0,82,0,0,0,14,1,0,68,33.5,1,0,172,0,0,153,0,0,0,7.0,8453,16.8,1,2017-12-09T15:00:00Z,09 Dec 15:00,0,0,90,0,3,3,0,0,0,0,8,0,16,0,329038,3,0,0,0,2,20.0,3,-15998,5326,21324,54,True,0,0
16,0,45,0,0,0,12,0,1,39,4.0,3,0,172,0,0,163,1,3,0,1.9,9030,7.2,0,2017-12-12T20:00:00Z,12 Dec 20:00,0,0,90,0,0,5,0,0,0,0,3,0,17,0,316966,1,0,0,3,1,8.0,2,-12466,2296,14762,54,True,0,0
17,0,43,0,0,3,53,0,5,30,40.1,0,0,172,0,0,179,1,1,2,19.3,9608,81.0,3,2017-12-16T15:00:00Z,16 Dec 15:00,0,0,90,0,1,18,0,0,0,0,10,0,18,0,305602,2,1,0,4,1,72.0,15,-11656,2566,14222,53,False,1,0
18,0,41,0,0,0,10,0,3,29,4.3,0,0,172,0,0,187,1,1,0,5.2,10188,8.2,0,2017-12-23T15:00:00Z,23 Dec 15:00,0,0,90,0,0,14,0,0,0,0,9,0,19,0,407144,0,0,1,1,1,39.0,2,97729,108075,10346,54,False,0,0
19,0,81,0,0,0,8,0,0,62,54.8,0,0,172,0,0,194,1,1,0,7.4,10773,17.4,4,2017-12-26T15:00:00Z,26 Dec 15:00,0,0,90,0,0,15,0,0,0,0,13,0,20,0,420047,7,0,0,1,1,2.0,2,11014,26278,15264,54,True,0,0
20,0,49,0,0,0,9,1,1,36,7.0,0,0,172,0,0,204,1,0,0,1.8,11359,11.0,0,2017-12-30T15:00:00Z,30 Dec 15:00,0,0,90,0,1,4,0,0,0,0,7,0,21,0,408596,1,0,0,0,0,0.0,3,-12720,17820,30540,54,True,0,0
21,0,53,0,0,0,12,0,1,44,8.8,1,0,172,0,0,215,0,3,0,3.5,11885,18.0,0,2018-01-01T15:00:00Z,01 Jan 15:00,0,0,90,0,0,9,0,0,0,0,9,0,22,0,393723,2,0,0,0,3,8.0,2,-15386,13758,29144,54,False,0,0
22,1,68,0,0,0,21,0,2,57,42.9,1,0,172,0,0,224,1,4,0,8.0,12537,37.2,3,2018-01-13T15:00:00Z,13 Jan 15:00,0,0,90,0,0,20,0,0,0,0,5,0,23,0,383510,3,0,0,4,1,0.0,5,-12220,23993,36213,54,True,0,0
23,0,40,0,0,0,9,0,0,27,27.5,0,0,172,0,0,238,2,2,0,3.7,13135,9.4,2,2018-01-20T15:00:00Z,20 Jan 15:00,0,0,90,0,1,15,0,0,0,0,4,0,24,0,373908,3,2,0,0,2,0.0,2,-10715,12940,23655,54,False,0,0
24,0,36,0,0,0,13,0,2,27,2.2,1,0,172,0,0,241,0,3,0,1.0,13738,8.0,0,2018-01-30T20:00:00Z,30 Jan 20:00,0,0,78,1,0,10,0,0,0,0,6,0,25,0,355739,2,2,0,3,0,0.0,2,-18888,5109,23997,54,True,0,0
25,0,25,0,0,0,3,0,3,18,19.3,0,0,172,0,0,258,2,2,0,6.3,14351,10.8,1,2018-02-03T15:00:00Z,03 Feb 15:00,0,0,57,0,0,12,0,0,0,0,3,0,26,0,341863,1,0,0,0,2,33.0,1,-14277,4057,18334,54,False,0,0
26,1,49,3,0,2,37,0,2,39,69.3,0,0,172,0,0,263,0,1,0,11.1,14976,37.0,5,2018-02-11T12:00:00Z,11 Feb 12:00,0,0,75,0,4,2,0,0,0,0,7,0,27,0,327985,2,1,1,1,4,5.0,7,-14396,6425,20821,53,True,0,0
27,0,0,0,0,0,0,0,0,0,0.0,0,0,172,0,0,280,0,0,0,0.0,15603,0.0,0,2018-02-24T15:00:00Z,24 Feb 15:00,0,0,0,0,0,19,0,0,0,0,0,0,28,0,290172,0,0,0,2,1,0.0,0,-38116,3784,41900,53,False,0,0
0,0,0,0,0,0,0,0,0,0,0.0,0,0,549,0,0,52,0,0,0,0.0,3197,0.0,0,2017-09-23T14:00:00Z,23 Sep 15:00,0,0,0,0,0,7,0,0,0,0,0,0,6,0,0,0,0,0,1,2,0.0,0,0,0,0,40,False,0,0
1,0,0,0,0,0,0,0,0,0,0.0,0,0,549,0,0,61,0,0,0,0.0,3747,0.0,0,2017-09-30T14:00:00Z,30 Sep 15:00,0,0,0,0,0,9,0,0,0,0,0,0,7,0,7664,0,0,0,0,0,0.0,0,6202,7014,812,40,True,0,0
2,0,0,0,0,0,0,0,0,0,0.0,0,0,549,0,0,79,0,0,0,0.0,4301,0.0,0,2017-10-14T14:00:00Z,14 Oct 15:00,0,0,0,0,0,17,0,0,0,0,0,0,8,0,11351,0,0,0,0,1,0.0,0,2883,3717,834,40,False,0,0
3,0,0,0,0,0,0,0,0,0,0.0,0,0,549,0,0,87,0,0,0,0.0,4858,0.0,0,2017-10-21T14:00:00Z,21 Oct 15:00,0,0,0,0,0,15,0,0,0,0,0,0,9,0,11751,0,0,0,2,1,0.0,0,265,638,373,40,False,0,0
4,0,0,0,0,0,0,0,0,0,0.0,0,0,549,0,0,92,0,0,0,0.0,5417,0.0,0,2017-10-28T16:30:00Z,28 Oct 17:30,0,0,0,0,0,5,0,0,0,0,0,0,10,0,12283,0,0,0,1,0,0.0,0,323,833,510,40,True,0,0
5,0,0,0,0,0,0,0,0,0,0.0,0,0,549,0,0,104,0,0,0,0.0,5980,0.0,0,2017-11-04T15:00:00Z,04 Nov 15:00,0,0,0,0,0,13,0,0,0,0,0,0,11,0,12711,0,0,0,1,0,0.0,0,254,650,396,40,False,0,0
6,0,0,0,0,0,0,0,0,0,0.0,0,0,549,0,0,112,0,0,0,0.0,6546,0.0,0,2017-11-18T15:00:00Z,18 Nov 15:00,0,0,0,0,0,8,0,0,0,0,0,0,12,0,12938,0,0,0,0,4,0.0,0,75,408,333,40,True,0,0
7,0,0,0,0,0,0,0,0,0,0.0,0,0,549,0,0,127,0,0,0,0.0,7115,0.0,0,2017-11-25T15:00:00Z,25 Nov 15:00,0,0,0,0,0,16,0,0,0,0,0,0,13,0,13156,0,0,0,0,0,0.0,0,139,350,211,40,False,0,0
8,0,0,0,0,0,0,0,0,0,0.0,0,0,549,0,0,136,0,0,0,0.0,7685,0.0,0,2017-11-29T19:45:00Z,29 Nov 19:45,0,0,0,0,0,4,0,0,0,0,0,0,14,0,13247,0,0,0,2,1,0.0,0,25,215,190,40,True,0,0
9,0,0,0,0,0,0,0,0,0,0.0,0,0,549,0,0,142,0,0,0,0.0,8256,0.0,0,2017-12-03T13:30:00Z,03 Dec 13:30,0,0,0,0,0,14,0,0,0,0,0,0,15,0,13275,0,0,0,1,1,0.0,0,-30,196,226,40,True,0,0
10,0,0,0,0,0,0,0,0,0,0.0,0,0,549,0,0,152,0,0,0,0.0,8830,0.0,0,2017-12-09T15:00:00Z,09 Dec 15:00,0,0,0,0,0,6,0,0,0,0,0,0,16,0,13253,0,0,0,2,2,0.0,0,-82,194,276,40,False,0,0
11,0,0,0,0,0,0,0,0,0,0.0,0,0,549,0,0,164,0,0,0,0.0,9407,0.0,0,2017-12-13T20:00:00Z,13 Dec 20:00,0,0,0,0,0,12,0,0,0,0,0,0,17,0,13361,0,0,0,0,1,0.0,0,62,279,217,40,False,0,0
12,0,0,0,0,0,0,0,0,0,0.0,0,0,549,0,0,172,0,0,0,0.0,9985,0.0,0,2017-12-17T16:30:00Z,17 Dec 16:30,0,0,0,0,0,10,0,0,0,0,0,0,18,0,13421,0,0,0,4,0,0.0,0,24,236,212,40,True,0,0
13,0,0,0,0,0,0,0,0,0,0.0,0,0,549,0,0,186,0,0,0,0.0,10565,0.0,0,2017-12-23T15:00:00Z,23 Dec 15:00,0,0,0,0,0,11,0,0,0,0,0,0,19,0,13577,0,0,0,0,4,0.0,0,92,339,247,40,False,0,0
14,0,0,0,0,0,0,0,0,0,0.0,0,0,549,0,0,191,0,0,0,0.0,11150,0.0,0,2017-12-26T15:00:00Z,26 Dec 15:00,0,0,0,0,0,20,0,0,0,0,0,0,20,0,13629,0,0,0,3,3,0.0,0,-1,183,184,40,True,0,0
15,0,0,0,0,0,0,0,0,0,0.0,0,0,549,0,0,201,0,0,0,0.0,11682,0.0,0,2017-12-30T15:00:00Z,30 Dec 15:00,0,0,0,0,0,7,0,0,0,0,0,0,21,0,13795,0,0,0,1,2,0.0,0,107,366,259,40,True,0,0
16,0,0,0,0,0,0,0,0,0,0.0,0,0,549,0,0,212,0,0,0,0.0,12316,0.0,0,2018-01-01T12:30:00Z,01 Jan 12:30,0,0,0,0,0,3,0,0,0,0,0,0,22,0,13820,0,0,0,2,2,0.0,0,4,368,364,40,False,0,0
17,0,0,0,0,0,0,0,0,0,0.0,0,0,549,0,0,221,0,0,0,0.0,12914,0.0,0,2018-01-14T13:30:00Z,14 Jan 13:30,0,0,0,0,0,1,0,0,0,0,0,0,23,0,13428,0,0,0,1,2,0.0,0,-429,376,805,40,True,0,0
18,0,0,0,0,0,0,0,0,0,0.0,0,0,549,0,0,240,0,0,0,0.0,13512,0.0,0,2018-01-20T15:00:00Z,20 Jan 15:00,0,0,0,0,0,20,0,0,0,0,0,0,24,0,12932,0,0,0,1,1,0.0,0,-501,17,518,40,False,0,0
19,0,0,0,0,0,0,0,0,0,0.0,0,0,549,0,0,244,0,0,0,0.0,14115,0.0,0,2018-01-31T19:45:00Z,31 Jan 19:45,0,0,0,0,0,5,0,0,0,0,0,0,25,0,12522,0,0,0,3,0,0.0,0,-414,26,440,40,False,0,0
20,0,0,0,0,0,0,0,0,0,0.0,0,0,549,0,0,252,0,0,0,0.0,14728,0.0,0,2018-02-03T15:00:00Z,03 Feb 15:00,0,0,0,0,0,15,0,0,0,0,0,0,26,0,12278,0,0,0,1,2,0.0,0,-246,17,263,40,True,0,0
21,0,0,0,0,0,0,0,0,0,0.0,0,0,549,0,0,263,0,0,0,0.0,15353,0.0,0,2018-02-11T12:00:00Z,11 Feb 12:00,0,0,0,0,0,8,0,0,0,0,0,0,27,0,12012,0,0,0,1,4,0.0,0,-271,21,292,40,False,0,0
22,0,0,0,0,0,0,0,0,0,0.0,0,0,549,0,0,272,0,0,0,0.0,15980,0.0,0,2018-02-24T15:00:00Z,24 Feb 15:00,0,0,0,0,0,13,0,0,0,0,0,0,28,0,11771,0,0,0,2,2,0.0,0,-246,14,260,40,True,0,0
0,0,11,0,1,0,16,0,0,8,11.2,0,0,18,0,0,1,0,0,1,6.7,18,29.6,1,2017-08-11T18:45:00Z,11 Aug 19:45,0,0,23,0,0,9,0,0,0,0,2,0,1,0,33792,0,0,3,3.0,4.0,26.0,6,0,0,0,70,True,0,0
1,0,82,0,1,0,12,0,0,72,15.6,1,0,18,0,0,16,3,1,0,11.8,529,22.0,0,2017-08-19T16:30:00Z,19 Aug 17:30,0,0,90,0,1,15,0,0,0,0,8,0,2,0,161837,4,4,0,0.0,1.0,80.0,2,81061,89479,8418,70,False,0,0
2,0,24,0,0,0,11,0,0,23,5.4,1,0,18,0,0,28,0,2,0,1.3,1045,5.8,0,2017-08-27T15:00:00Z,27 Aug 16:00,0,0,45,0,0,10,0,0,0,0,2,0,3,0,167984,0,2,0,0.0,4.0,2.0,1,-5199,20341,25540,70,False,1,0
3,1,47,0,1,0,20,1,2,39,28.8,2,0,18,0,0,31,2,0,0,7.1,1576,25.2,2,2017-09-09T14:00:00Z,09 Sep 15:00,0,0,66,0,0,2,0,0,0,0,7,0,4,0,147584,1,0,0,0.0,3.0,17.0,6,-24903,16406,41309,70,True,0,0
4,0,51,0,0,0,18,1,5,42,6.5,4,0,18,0,0,49,1,0,0,4.4,2120,23.4,0,2017-09-17T12:30:00Z,17 Sep 13:30,0,0,90,0,0,5,0,0,0,0,4,0,5,0,152141,3,3,1,0.0,0.0,14.0,3,933,15672,14739,70,False,0,0
5,1,60,0,0,0,17,1,0,46,12.8,1,0,18,0,0,60,1,0,0,4.1,2666,4.0,0,2017-09-25T19:00:00Z,25 Sep 20:00,0,0,90,0,0,19,0,0,0,0,5,0,6,0,182672,0,0,1,0.0,2.0,24.0,6,26303,43226,16923,70,True,0,0
6,0,75,0,1,0,8,1,2,65,15.0,1,0,18,0,0,68,0,0,0,6.4,3216,13.0,0,2017-10-01T11:00:00Z,01 Oct 12:00,0,0,90,0,0,3,0,0,0,0,7,0,7,0,250976,2,0,1,0.0,2.0,36.0,3,63308,82412,19104,70,True,0,0
7,0,0,0,0,0,0,0,0,0,0.0,0,0,18,0,0,80,0,0,0,0.0,3770,0.0,0,2017-10-14T16:30:00Z,14 Oct 17:30,0,0,0,0,0,18,0,0,0,0,0,0,8,0,259273,0,0,0,1.0,2.0,0.0,0,4294,38114,33820,71,False,0,0
8,1,49,1,1,2,38,0,0,43,45.8,0,0,18,0,0,82,2,2,1,23.4,4327,67.6,4,2017-10-22T12:30:00Z,22 Oct 13:30,0,0,90,0,0,7,0,0,0,0,3,0,9,0,198219,2,1,2,5.0,2.0,121.0,12,-61530,2359,63889,71,False,0,0
9,0,65,1,0,2,38,0,1,55,30.8,0,0,18,0,0,91,1,1,1,12.5,4886,45.2,2,2017-10-28T14:00:00Z,28 Oct 15:00,0,0,90,0,0,16,0,0,0,0,11,0,10,0,256777,1,1,1,1.0,2.0,49.0,9,54683,70891,16208,70,True,1,0
10,1,40,0,0,1,25,0,1,36,26.6,1,0,18,0,0,110,2,3,0,7.6,5449,32.6,2,2017-11-05T14:15:00Z,05 Nov 14:15,0,0,90,0,1,11,0,0,0,0,8,0,11,0,287677,2,1,0,1.0,3.0,17.0,6,25778,46963,21185,70,False,0,0
11,0,37,0,0,0,13,1,3,27,16.5,0,0,18,0,1,111,2,0,0,3.0,6015,13.6,1,2017-11-18T12:30:00Z,18 Nov 12:30,0,0,90,0,0,17,0,0,0,0,7,0,12,0,323805,2,3,0,0.0,2.0,0.0,3,29942,50388,20446,70,True,0,0
12,1,71,0,1,0,19,1,0,63,19.0,3,0,18,0,0,130,2,0,0,6.2,6584,7.4,1,2017-11-26T14:00:00Z,26 Nov 14:00,0,0,90,0,0,4,0,0,0,0,4,0,13,0,327394,0,1,2,1.0,0.0,36.0,6,718,29919,29201,70,False,0,0
13,2,55,3,0,1,36,1,1,44,40.8,0,0,18,0,0,135,2,0,0,8.2,7154,37.8,3,2017-11-29T19:45:00Z,29 Nov 19:45,0,0,72,0,0,8,0,0,0,0,5,0,14,0,348511,2,0,1,0.0,5.0,3.0,10,19249,35542,16293,71,True,0,0
14,1,77,1,0,1,28,0,2,70,42.3,1,0,18,0,0,141,1,3,0,12.2,7725,31.6,3,2017-12-02T17:30:00Z,02 Dec 17:30,0,0,90,0,0,12,0,0,0,0,5,0,15,0,381905,1,1,2,3.0,1.0,48.0,6,31247,47652,16405,71,True,0,0
15,0,53,0,0,0,12,0,1,50,6.8,2,0,18,0,0,160,1,1,0,7.9,8299,14.2,0,2017-12-10T12:00:00Z,10 Dec 12:00,0,0,90,0,0,14,0,0,0,0,3,0,16,0,576769,1,0,1,1.0,1.0,58.0,2,187251,203836,16585,72,False,0,0
16,0,0,0,0,0,0,0,0,0,0.0,0,0,18,0,0,170,0,0,0,0.0,8876,0.0,0,2017-12-13T20:00:00Z,13 Dec 20:00,0,0,0,0,0,20,0,0,0,0,0,0,17,0,400555,0,0,0,0.0,0.0,0.0,0,-176969,10096,187065,72,False,0,0
17,0,0,0,0,0,0,0,0,0,0.0,0,0,18,0,0,171,0,0,0,0.0,9454,0.0,0,2017-12-16T15:00:00Z,16 Dec 15:00,0,0,0,0,0,13,0,0,0,0,0,0,18,0,261175,0,0,0,0.0,1.0,0.0,0,-139537,1517,141054,71,True,0,0
18,0,0,0,0,0,0,0,0,0,0.0,0,0,18,0,0,181,0,0,0,0.0,10034,0.0,0,2017-12-22T19:45:00Z,22 Dec 19:45,0,0,0,0,0,10,0,0,0,0,0,0,19,0,185163,0,0,0,3.0,3.0,0.0,0,-76224,569,76793,70,True,0,0
19,0,0,0,0,0,0,0,0,0,0.0,0,0,18,0,0,193,0,0,0,0.0,10619,0.0,0,2017-12-28T20:00:00Z,28 Dec 20:00,0,0,0,0,0,6,0,0,0,0,0,0,20,0,165538,0,0,0,3.0,2.0,0.0,0,-19780,364,20144,70,False,0,0
20,0,0,0,0,0,0,0,0,0,0.0,0,0,18,0,0,210,0,0,0,0.0,11205,0.0,0,2017-12-31T16:30:00Z,31 Dec 16:30,0,0,0,0,0,19,0,0,0,0,0,0,21,0,149187,0,0,0,1.0,1.0,0.0,0,-16476,334,16810,70,False,0,0
21,0,0,0,0,0,0,0,0,0,0.0,0,0,18,0,0,211,0,0,0,0.0,11731,0.0,0,2018-01-03T19:45:00Z,03 Jan 19:45,0,0,0,0,0,5,0,0,0,0,0,0,22,0,144188,0,0,0,2.0,2.0,0.0,0,-5059,201,5260,70,True,0,0
22,0,14,0,0,0,1,0,0,10,1.8,0,0,18,0,0,221,1,1,0,0.5,12383,0.0,0,2018-01-14T13:30:00Z,14 Jan 13:30,0,0,16,0,0,2,0,0,0,0,2,0,23,0,145287,1,0,0,1.0,2.0,4.0,1,646,10807,10161,69,False,0,0
23,0,0,0,0,0,0,0,0,0,0.0,0,0,18,0,0,231,0,0,0,0.0,12981,0.0,0,2018-01-20T15:00:00Z,20 Jan 15:00,0,0,0,0,0,6,0,0,0,0,0,0,24,0,149474,0,0,0,1.0,4.0,0.0,0,3486,10464,6978,69,True,0,0
24,0,68,0,0,0,7,0,1,60,12.2,0,0,18,0,0,242,1,3,0,2.5,13584,6.6,0,2018-01-30T19:45:00Z,30 Jan 19:45,0,0,90,0,0,16,0,0,0,0,6,0,25,0,152525,3,0,1,1.0,3.0,6.0,2,2522,12211,9689,69,False,0,0
25,0,57,0,0,3,70,0,3,52,15.5,1,0,18,0,0,251,1,1,3,17.3,14197,110.8,1,2018-02-03T17:30:00Z,03 Feb 17:30,0,0,74,0,0,7,0,0,0,0,4,0,26,0,156884,1,1,0,1.0,5.0,47.0,20,4000,10252,6252,69,True,0,0
26,0,0,0,0,0,0,0,0,0,0.0,0,0,18,0,0,269,0,0,0,0.0,14822,0.0,0,2018-02-10T12:30:00Z,10 Feb 12:30,0,0,0,0,0,17,0,0,0,0,0,0,27,0,290886,0,0,0,0.0,1.0,0.0,0,129308,140265,10957,70,False,0,0
27,0,0,0,0,0,0,0,0,0,0.0,0,0,18,0,0,271,0,0,0,0.0,15449,0.0,0,2018-03-01T19:45:00Z,01 Mar 19:45,0,0,0,0,0,11,0,0,0,0,0,0,28,0,220276,0,0,0,,,0.0,0,-71294,5654,76948,70,True,0,0
0,0,0,0,0,0,0,0,0,0,0.0,0,0,579,0,0,176,0,0,0,0.0,10015,0.0,0,2017-12-16T12:30:00Z,16 Dec 12:30,0,0,0,0,0,9,0,0,0,0,0,0,18,0,0,0,0,0,3,0,0.0,0,0,0,0,45,False,0,0
1,0,0,0,0,0,0,0,0,0,0.0,0,0,579,0,0,189,0,0,0,0.0,10595,0.0,0,2017-12-23T15:00:00Z,23 Dec 15:00,0,0,0,0,0,16,0,0,0,0,0,0,19,0,42,0,0,0,1,1,0.0,0,17,28,11,45,False,0,0
2,0,0,0,0,0,0,0,0,0,0.0,0,0,579,0,0,193,0,0,0,0.0,11180,0.0,0,2017-12-28T20:00:00Z,28 Dec 20:00,0,0,0,0,0,1,0,0,0,0,0,0,20,0,55,0,0,0,3,2,0.0,0,2,20,18,45,True,0,0
3,0,0,0,0,0,0,0,0,0,0.0,0,0,579,0,0,203,0,0,0,0.0,11706,0.0,0,2017-12-31T12:00:00Z,31 Dec 12:00,0,0,0,0,0,11,0,0,0,0,0,0,21,0,67,0,0,0,0,0,0.0,0,6,12,6,45,True,0,0
4,0,0,0,0,0,0,0,0,0,0.0,0,0,579,0,0,217,0,0,0,0.0,12352,0.0,0,2018-01-02T19:45:00Z,02 Jan 19:45,0,0,0,0,0,14,0,0,0,0,0,0,22,0,75,0,0,0,2,1,0.0,0,4,14,10,45,False,0,0
5,0,0,0,0,0,0,0,0,0,0.0,0,0,579,0,0,223,0,0,0,0.0,12944,0.0,0,2018-01-13T15:00:00Z,13 Jan 15:00,0,0,0,0,0,4,0,0,0,0,0,0,23,0,82,0,0,0,0,1,0.0,0,-5,12,17,45,True,0,0
6,0,0,0,0,0,0,0,0,0,0.0,0,0,579,0,0,231,0,0,0,0.0,13542,0.0,0,2018-01-20T15:00:00Z,20 Jan 15:00,0,0,0,0,0,1,0,0,0,0,0,0,24,0,87,0,0,0,1,4,0.0,0,3,13,10,45,False,0,0
7,0,0,0,0,0,0,0,0,0,0.0,0,0,579,0,0,243,0,0,0,0.0,14145,0.0,0,2018-01-30T19:45:00Z,30 Jan 19:45,0,0,0,0,0,20,0,0,0,0,0,0,25,0,105,0,0,0,1,1,0.0,0,10,21,11,45,False,0,0
8,0,0,0,0,0,0,0,0,0,0.0,0,0,579,0,0,255,0,0,0,0.0,14758,0.0,0,2018-02-04T14:15:00Z,04 Feb 14:15,0,0,0,0,0,13,0,0,0,0,0,0,26,0,114,0,0,0,1,1,0.0,0,1,11,10,45,True,0,0
9,0,0,0,0,0,0,0,0,0,0.0,0,0,579,0,0,262,0,0,0,0.0,15383,0.0,0,2018-02-10T15:00:00Z,10 Feb 15:00,0,0,0,0,0,7,0,0,0,0,0,0,27,0,123,0,0,0,1,3,0.0,0,-4,10,14,45,False,0,0
10,0,16,0,0,0,12,0,8,6,0.1,0,0,579,0,0,275,0,1,0,2.7,16010,27.0,0,2018-02-25T12:00:00Z,25 Feb 12:00,0,0,90,0,0,17,0,0,0,0,8,0,28,0,142,2,1,0,1,0,0.0,2,0,14,14,45,True,0,0
0,0,0,0,0,0,0,0,0,0,0.0,0,0,522,0,0,24,0,0,0,0.0,1549,0.0,0,2017-08-26T14:00:00Z,26 Aug 15:00,0,0,0,0,0,14,0,0,0,0,0,0,3,0,46,0,0,0,0,0,0.0,0,32,46,14,50,True,0,0
1,0,7,0,0,0,4,0,0,4,0.3,0,0,522,0,0,40,0,1,0,2.3,2080,2.2,0,2017-09-11T19:00:00Z,11 Sep 20:00,0,0,15,0,0,20,0,0,0,0,0,0,4,0,155,1,1,0,0,2,20.0,1,43,89,46,50,False,0,0
2,1,38,0,0,0,19,0,3,27,24.2,0,0,522,0,0,43,1,1,0,6.7,2624,22.4,2,2017-09-16T14:00:00Z,16 Sep 15:00,0,0,81,1,0,9,0,0,0,0,4,0,5,0,212,0,0,0,1,1,20.0,5,22,49,27,50,True,0,0
3,0,24,0,0,0,1,1,0,16,2.7,1,0,522,0,0,51,2,0,0,1.0,3170,0.0,0,2017-09-23T14:00:00Z,23 Sep 15:00,0,0,62,0,0,4,0,0,0,0,2,0,6,0,588,2,1,1,0,0,9.0,2,291,368,77,50,False,0,1
4,0,0,0,0,0,0,0,0,0,0.0,0,0,522,0,0,63,0,0,0,0.0,3720,0.0,0,2017-09-30T11:30:00Z,30 Sep 12:30,0,0,0,0,0,17,0,0,0,0,0,0,7,0,625,0,0,0,4,0,0.0,0,-15,136,151,50,True,0,0
5,0,0,0,0,0,0,0,0,0,0.0,0,0,522,0,0,78,0,0,0,0.0,4274,0.0,0,2017-10-14T14:00:00Z,14 Oct 15:00,0,0,0,0,0,16,0,0,0,0,0,0,8,0,588,0,0,0,0,2,0.0,0,-70,63,133,50,False,0,0
6,0,0,0,0,0,0,0,0,0,0.0,0,0,522,0,0,83,0,0,0,0.0,4831,0.0,0,2017-10-21T14:00:00Z,21 Oct 15:00,0,0,0,0,0,12,0,0,0,0,0,0,9,0,534,0,0,0,1,2,0.0,0,-67,23,90,50,True,0,0
7,0,0,0,0,0,0,0,0,0,0.0,0,0,522,0,0,97,0,0,0,0.0,5390,0.0,0,2017-10-28T14:00:00Z,28 Oct 15:00,0,0,0,0,0,10,0,0,0,0,0,0,10,0,504,0,0,0,0,3,0.0,0,-52,37,89,50,False,0,0
8,0,0,0,0,0,0,0,0,0,0.0,0,0,522,0,0,103,0,0,0,0.0,5953,0.0,0,2017-11-04T15:00:00Z,04 Nov 15:00,0,0,0,0,0,19,0,0,0,0,0,0,11,0,493,0,0,0,0,1,0.0,0,-30,23,53,50,True,0,0
9,0,14,0,0,0,2,0,0,10,13.3,0,0,522,0,0,112,0,2,0,2.2,6519,4.8,0,2017-11-18T15:00:00Z,18 Nov 15:00,0,0,29,0,0,2,0,0,0,0,0,0,12,0,488,0,0,1,0,4,4.0,1,-22,20,42,50,False,0,0
10,0,0,0,0,0,0,0,0,0,0.0,0,0,522,0,0,122,0,0,0,0.0,7088,0.0,0,2017-11-26T16:00:00Z,26 Nov 16:00,0,0,0,0,0,11,0,0,0,0,0,0,13,0,480,0,0,0,2,1,0.0,0,-20,15,35,50,True,0,0
11,0,0,0,0,0,0,0,0,0,0.0,0,0,522,0,0,135,0,0,0,0.0,7658,0.0,0,2017-11-29T19:45:00Z,29 Nov 19:45,0,0,0,0,0,1,0,0,0,0,0,0,14,0,468,0,0,0,0,5,0.0,0,-19,13,32,50,False,0,0
12,0,0,0,0,0,0,0,0,0,0.0,0,0,522,0,0,145,0,0,0,0.0,8229,0.0,0,2017-12-02T15:00:00Z,02 Dec 15:00,0,0,0,0,0,7,0,0,0,0,0,0,15,0,460,0,0,0,0,2,0.0,0,-15,9,24,50,False,0,0
13,0,0,0,0,0,0,0,0,0,0.0,0,0,522,0,0,153,0,0,0,0.0,8803,0.0,0,2017-12-09T15:00:00Z,09 Dec 15:00,0,0,0,0,0,3,0,0,0,0,0,0,16,0,450,0,0,0,0,2,0.0,0,-23,5,28,49,True,0,0
14,0,0,0,0,0,0,0,0,0,0.0,0,0,522,0,0,163,0,0,0,0.0,9380,0.0,0,2017-12-12T20:00:00Z,12 Dec 20:00,0,0,0,0,0,5,0,0,0,0,0,0,17,0,441,0,0,0,3,1,0.0,0,-16,5,21,49,True,0,0
15,0,0,0,0,0,0,0,0,0,0.0,0,0,522,0,0,179,0,0,0,0.0,9958,0.0,0,2017-12-16T15:00:00Z,16 Dec 15:00,0,0,0,0,0,18,0,0,0,0,0,0,18,0,434,0,0,0,4,1,0.0,0,-11,9,20,49,False,0,0
16,0,0,0,0,0,0,0,0,0,0.0,0,0,522,0,0,187,0,0,0,0.0,10538,0.0,0,2017-12-23T15:00:00Z,23 Dec 15:00,0,0,0,0,0,14,0,0,0,0,0,0,19,0,420,0,0,0,1,1,0.0,0,-18,12,30,49,False,0,0
17,0,0,0,0,0,0,0,0,0,0.0,0,0,522,0,0,194,0,0,0,0.0,11123,0.0,0,2017-12-26T15:00:00Z,26 Dec 15:00,0,0,0,0,0,15,0,0,0,0,0,0,20,0,422,0,0,0,1,1,0.0,0,-3,12,15,49,True,0,0
18,0,0,0,0,0,0,0,0,0,0.0,0,0,522,0,0,204,0,0,0,0.0,11659,0.0,0,2017-12-30T15:00:00Z,30 Dec 15:00,0,0,0,0,0,4,0,0,0,0,0,0,21,0,423,0,0,0,0,0,0.0,0,-9,13,22,48,True,0,0
19,0,0,0,0,0,0,0,0,0,0.0,0,0,522,0,0,215,0,0,0,0.0,12285,0.0,0,2018-01-01T15:00:00Z,01 Jan 15:00,0,0,0,0,0,9,0,0,0,0,0,0,22,0,422,0,0,0,0,3,0.0,0,-4,7,11,48,False,0,0
20,0,0,0,0,0,0,0,0,0,0.0,0,0,522,0,0,224,0,0,0,0.0,12887,0.0,0,2018-01-13T15:00:00Z,13 Jan 15:00,0,0,0,0,0,20,0,0,0,0,0,0,23,0,439,0,0,0,4,1,0.0,0,-1,16,17,48,True,0,0
21,0,10,0,0,0,4,0,0,5,0.1,0,0,522,0,0,238,1,1,0,0.2,13485,1.4,0,2018-01-20T15:00:00Z,20 Jan 15:00,0,0,30,0,0,15,0,0,0,0,2,0,24,0,427,0,1,0,0,2,0.0,1,-19,6,25,48,False,0,0
22,0,0,0,0,0,0,0,0,0,0.0,0,0,522,0,0,241,0,0,0,0.0,14088,0.0,0,2018-01-30T20:00:00Z,30 Jan 20:00,0,0,0,0,0,10,0,0,0,0,0,0,25,0,438,0,0,0,3,0,0.0,0,5,22,17,48,True,0,0
23,0,0,0,0,0,0,0,0,0,0.0,0,0,522,0,0,258,0,0,0,0.0,14701,0.0,0,2018-02-03T15:00:00Z,03 Feb 15:00,0,0,0,0,0,12,0,0,0,0,0,0,26,0,442,0,0,0,0,2,0.0,0,-3,4,7,48,False,0,0
24,0,0,0,0,0,0,0,0,0,0.0,0,0,522,0,0,263,0,0,0,0.0,15326,0.0,0,2018-02-11T12:00:00Z,11 Feb 12:00,0,0,0,0,0,2,0,0,0,0,0,0,27,0,445,0,0,0,1,4,0.0,0,-4,14,18,48,True,0,0
25,0,0,0,0,0,0,0,0,0,0.0,0,0,522,0,0,280,0,0,0,0.0,15953,0.0,0,2018-02-24T15:00:00Z,24 Feb 15:00,0,0,0,0,0,19,0,0,0,0,0,0,28,0,466,0,0,0,2,1,0.0,0,2,13,11,48,False,0,0
